Epoch,MRAD,Exploitability
300,1.0389559268951416,0.4913223534822464
400,1.0510549545288086,0.5046221017837524
500,1.0511711835861206,0.5047585070133209
600,1.051190733909607,0.5047802925109863
700,1.0511953830718994,0.5047856867313385
800,1.0511902570724487,0.5047798752784729
900,1.0511184930801392,0.5046989619731903
1000,1.0504907369613647,0.5040265917778015
1100,0.5970649719238281,0.2627521827816963
1200,0.6301868557929993,0.2744942344725132
1300,0.6636075377464294,0.2801750935614109
1400,0.29900744557380676,0.060848481953144073
1500,0.2586933672428131,0.04496118985116482
1600,0.24324864149093628,0.04172452259808779
1700,0.23076511919498444,0.03812432009726763
1800,0.22792883217334747,0.03629132639616728
1900,0.22695443034172058,0.03732187673449516
2000,0.1932472288608551,0.026751133613288403
2100,0.16981999576091766,0.020597646944224834
2200,0.16941127181053162,0.02010157471522689
2300,0.15125460922718048,0.015802365262061357
2400,0.1337490677833557,0.013023814652115107
2500,0.12436958402395248,0.011077459901571274
2600,0.12447928637266159,0.010834792163223028
2700,0.11795440316200256,0.009147934848442674
2800,0.13877113163471222,0.012264028191566467
2900,0.12701581418514252,0.010698459576815367
3000,0.1290619969367981,0.010951063595712185
3100,0.12257666140794754,0.009964762954041362
3200,0.1356089562177658,0.011867506429553032
3300,0.14335709810256958,0.013819022569805384
3400,0.1252967119216919,0.010761308018118143
3500,0.12291046977043152,0.010432446375489235
3600,0.13432686030864716,0.012042238842695951
3700,0.1246124804019928,0.010887413751333952
3800,0.13580691814422607,0.012911031488329172
3900,0.13141770660877228,0.011871575377881527
4000,0.1269238144159317,0.011278602760285139
4100,0.11750350892543793,0.010286082979291677
4200,0.12162274867296219,0.010805647354573011
4300,0.1154853105545044,0.00979980081319809
4400,0.10860704630613327,0.008724062237888575
4500,0.10461115837097168,0.008741769939661026
4600,0.11218834668397903,0.009596261661499739
4700,0.12169819325208664,0.010574332904070616
4800,0.10707276314496994,0.00864518852904439
4900,0.10381783545017242,0.008381439838558435
5000,0.11199038475751877,0.009353471454232931
5100,0.10243495553731918,0.007712910650297999
5200,0.09817197918891907,0.007452590158209205
5300,0.10409685224294662,0.008028068579733372
5400,0.09288380295038223,0.006321568740531802
5500,0.09955471009016037,0.007224671076983213
5600,0.09149425476789474,0.006182597018778324
5700,0.09921189397573471,0.006772603606805205
5800,0.09684596955776215,0.006499460199847817
5900,0.10606563091278076,0.007459028856828809
6000,0.08333916962146759,0.004860255285166204
6100,0.1035977452993393,0.006848132703453302
6200,0.09112264215946198,0.005714758997783065
6300,0.09437429159879684,0.005921238800510764
6400,0.1001904159784317,0.006553983082994819
6500,0.08463627845048904,0.005162166082300246
6600,0.09082936495542526,0.005483224987983704
6700,0.0872274860739708,0.00532377720810473
6800,0.09267071634531021,0.00590429175645113
6900,0.08040578663349152,0.0045810306910425425
7000,0.08350825309753418,0.004960922873578966
7100,0.08076567947864532,0.004639107151888311
7200,0.0833563283085823,0.005064422846771777
7300,0.08721118420362473,0.00520286220125854
7400,0.09001801162958145,0.0056724646128714085
7500,0.08331418037414551,0.0048366819974035025
7600,0.08853061497211456,0.005474093370139599
7700,0.08234035223722458,0.004798255627974868
7800,0.08253202587366104,0.004612915217876434
7900,0.08807802945375443,0.005252656410448253
8000,0.08810001611709595,0.0052335732616484165
8100,0.08930156379938126,0.005202326690778136
8200,0.08798226714134216,0.0050699899438768625
8300,0.08615179359912872,0.004986539715901017
8400,0.09662896394729614,0.006084970431402326
8500,0.08811734616756439,0.005077767767943442
8600,0.089939184486866,0.005244467174634337
8700,0.08032236248254776,0.004308874951675534
8800,0.08734102547168732,0.004980472382158041
8900,0.09087515622377396,0.0053947914857417345
9000,0.10384948551654816,0.006697943899780512
9100,0.09343742579221725,0.005507665453478694
9200,0.08470766991376877,0.0046797755640000105
9300,0.08794504404067993,0.004967372631654143
9400,0.09154266864061356,0.005501376930624247
9500,0.08027653396129608,0.004419693490490317
9600,0.09256990998983383,0.0055111858528107405
9700,0.08647501468658447,0.004931428469717503
9800,0.08931007981300354,0.005218067672103643
9900,0.08574189990758896,0.00464205932803452
10000,0.08547969907522202,0.004819036461412907
10100,0.08862224966287613,0.00493429321795702
10200,0.08449522405862808,0.0046945782378315926
10300,0.08539708703756332,0.004835154511965811
10400,0.09530017524957657,0.00564191397279501
10500,0.08918163925409317,0.00529615837149322
10600,0.0929790660738945,0.00566616584546864
10700,0.09013744443655014,0.005179805913940072
10800,0.08188711851835251,0.004653433104977012
10900,0.0898728296160698,0.005173785611987114
11000,0.08796700835227966,0.005103689851239324
11100,0.08743303269147873,0.005036056973040104
11200,0.09377330541610718,0.005960048642009497
11300,0.08946313709020615,0.005187617614865303
11400,0.08007915318012238,0.004458155017346144
11500,0.09564895182847977,0.005892426241189241
11600,0.09259631484746933,0.005683435359969735
11700,0.08353596925735474,0.0047560506500303745
11800,0.09586935490369797,0.005795633420348167
11900,0.09016608446836472,0.005325790494680405
12000,0.09189391136169434,0.0055560211185365915
12100,0.09072169661521912,0.005457796156406403
12200,0.09159260243177414,0.005577645497396588
12300,0.08633526414632797,0.004776380490511656
12400,0.09131542593240738,0.005367795471101999
12500,0.09073086827993393,0.005419890163466334
12600,0.09070555120706558,0.005281846271827817
12700,0.08968048542737961,0.0051938730757683516
12800,0.08477353304624557,0.004612385993823409
12900,0.0971795991063118,0.005713752005249262
13000,0.09402354061603546,0.00567040778696537
13100,0.09824612736701965,0.006466432474553585
13200,0.09616556018590927,0.00581896398216486
13300,0.08634266257286072,0.005127829033881426
13400,0.09570760279893875,0.006011121440678835
13500,0.08855201303958893,0.005293177207931876
13600,0.0938548743724823,0.005726190283894539
13700,0.09433571249246597,0.005714466562494636
13800,0.08500415086746216,0.004786474630236626
13900,0.09029131382703781,0.005470190197229385
14000,0.08865781873464584,0.0052420818246901035
14100,0.09537221491336823,0.00607848702929914
14200,0.08089154958724976,0.004559625871479511
14300,0.08136894553899765,0.004553776700049639
14400,0.08806223422288895,0.005185772897675633
14500,0.09455358982086182,0.005733422469347715
14600,0.08573289215564728,0.00480741448700428
14700,0.09175307303667068,0.005640372168272734
14800,0.09095865488052368,0.005317275878041983
14900,0.0842810869216919,0.004839618457481265
15000,0.08961121737957001,0.005137093365192413
15100,0.08205852657556534,0.004665822722017765
15200,0.09018459171056747,0.005367373116314411
15300,0.08755335211753845,0.005210155854001641
15400,0.09505051374435425,0.005909281549975276
15500,0.09213635325431824,0.005556750576943159
15600,0.08853600174188614,0.00530236354097724
15700,0.08731751143932343,0.005408758530393243
15800,0.088885597884655,0.005259576486423612
15900,0.08799194544553757,0.005049471277743578
16000,0.0880897045135498,0.004883212503045797
16100,0.08980603516101837,0.005493983859196305
16200,0.08842433989048004,0.004852975020185113
16300,0.08715792745351791,0.00493845553137362
16400,0.09395050257444382,0.005272488808259368
16500,0.09345058351755142,0.005406532669439912
16600,0.08858837187290192,0.005115321837365627
16700,0.0885557234287262,0.005128849297761917
16800,0.09232018887996674,0.00539969839155674
16900,0.09025869518518448,0.005149244796484709
17000,0.09782818704843521,0.00637936289422214
17100,0.09645900130271912,0.0059913694858551025
17200,0.09218429028987885,0.005743427202105522
17300,0.08995357155799866,0.005272317444905639
17400,0.09424581378698349,0.005658282432705164
17500,0.08978678286075592,0.005164270754903555
17600,0.09243306517601013,0.005566626321524382
17700,0.09246375411748886,0.005559812765568495
17800,0.08994339406490326,0.0053239085245877504
17900,0.09494035691022873,0.005874434486031532
18000,0.09022994339466095,0.005306384293362498
18100,0.09108515083789825,0.005317977629601955
18200,0.09359458088874817,0.005723104113712907
18300,0.08519076555967331,0.004943855339661241
18400,0.08991783112287521,0.0050594620406627655
18500,0.0935729369521141,0.005565593717619777
18600,0.09504934400320053,0.0055196345783770084
18700,0.09786784648895264,0.005914426874369383
18800,0.09097816795110703,0.005253369687125087
18900,0.09778641164302826,0.006108894478529692
19000,0.09621860831975937,0.005951049737632275
19100,0.09490812569856644,0.005546126514673233
19200,0.09793498367071152,0.006467696279287338
19300,0.1002882793545723,0.006147393258288503
19400,0.09307649731636047,0.005370375467464328
19500,0.09805377572774887,0.006295245373621583
19600,0.09134706854820251,0.005485600093379617
19700,0.09091763198375702,0.005506738554686308
19800,0.08955805748701096,0.005044869612902403
19900,0.08968393504619598,0.005117823835462332
20000,0.09359113872051239,0.005708567099645734
20100,0.08961597084999084,0.004985380452126265
20200,0.09430635720491409,0.0061219308990985155
20300,0.0950329452753067,0.005965523421764374
20400,0.09678423404693604,0.006092945812270045
20500,0.09469027072191238,0.005848442669957876
20600,0.09032279253005981,0.00549406954087317
20700,0.08741182088851929,0.004875446669757366
20800,0.088165782392025,0.005196519661694765
20900,0.09514313191175461,0.005684496136382222
21000,0.0885462760925293,0.005005860235542059
21100,0.08760520070791245,0.005105872405692935
21200,0.0924590528011322,0.005817478056997061
21300,0.09225459396839142,0.0055371245834976435
21400,0.08498989790678024,0.004839830566197634
21500,0.09765834361314774,0.006066515808925033
21600,0.09617011249065399,0.006140963174402714
21700,0.08716772496700287,0.004757905378937721
21800,0.0954866111278534,0.00579243409447372
21900,0.09094252437353134,0.0050851700361818075
22000,0.09132149815559387,0.005263700615614653
22100,0.08397586643695831,0.004576251143589616
22200,0.09069228172302246,0.0053034028969705105
22300,0.09019196778535843,0.0053442358039319515
22400,0.09132999181747437,0.006065312540158629
22500,0.08896351605653763,0.0052310198079794645
22600,0.09079806506633759,0.005500449100509286
22700,0.08422788977622986,0.004672108218073845
22800,0.08784162998199463,0.004940925631672144
22900,0.09253355115652084,0.005684840027242899
23000,0.08573971688747406,0.004728472093120217
23100,0.08936707675457001,0.005172188393771648
23200,0.0932336151599884,0.005664427299052477
23300,0.09010472893714905,0.005327400052919984
23400,0.08863653987646103,0.004836587468162179
23500,0.09271518886089325,0.005539321340620518
23600,0.0871201679110527,0.004910110961645842
23700,0.09394290298223495,0.005443656118586659
23800,0.09169098734855652,0.005238341866061091
23900,0.0888192355632782,0.004989386536180973
24000,0.09189091622829437,0.005290943430736661
24100,0.08847550302743912,0.0051903927233070135
24200,0.08919946849346161,0.0052271520253270864
24300,0.08539284765720367,0.004663766594603658
24400,0.08281832188367844,0.004330414580181241
24500,0.09308964759111404,0.005330666666850448
24600,0.09841915220022202,0.005876679206266999
24700,0.09197479486465454,0.005245452746748924
24800,0.08515473455190659,0.0045521012507379055
24900,0.0860423892736435,0.0048385621048510075
25000,0.08820366114377975,0.00468209246173501
25100,0.09031902998685837,0.0050153827760368586
25200,0.0810311958193779,0.00415054289624095
25300,0.08905511349439621,0.004923295229673386
25400,0.08582347631454468,0.004630745854228735
25500,0.09114211052656174,0.005252060946077108
25600,0.09145841747522354,0.005149431060999632
25700,0.08663620799779892,0.004867470590397716
25800,0.08164200186729431,0.004104019491933286
25900,0.08349127322435379,0.0043035452254116535
26000,0.0812973827123642,0.00409103836864233
26100,0.09136120229959488,0.005306418985128403
26200,0.0876169353723526,0.0048489084001630545
26300,0.09204287081956863,0.005339166149497032
26400,0.0882977619767189,0.004831427242606878
26500,0.08525941520929337,0.004596258280798793
26600,0.08331213146448135,0.004388086963444948
26700,0.09391706436872482,0.00530777289532125
26800,0.09151764214038849,0.005142768612131476
26900,0.08365072309970856,0.004347802372649312
27000,0.08850712329149246,0.0047598418314009905
27100,0.08612114936113358,0.004669739631935954
27200,0.08506956696510315,0.004575684433802962
27300,0.0830756351351738,0.004217881942167878
27400,0.0933828204870224,0.0053242037538439035
27500,0.09314417839050293,0.005434952909126878
27600,0.090199775993824,0.004926964407786727
27700,0.08772407472133636,0.004722990794107318
27800,0.08780749887228012,0.004856857238337398
27900,0.09247306734323502,0.00522021553479135
28000,0.08883974701166153,0.0049602186772972345
28100,0.08510998636484146,0.004685568623244762
28200,0.08982405066490173,0.00510557065717876
28300,0.08812235295772552,0.004913856508210301
28400,0.09143850207328796,0.005044683814048767
28500,0.08663889020681381,0.004538895329460502
28600,0.08468543738126755,0.0045983497984707355
28700,0.09381651878356934,0.0054558387491852045
28800,0.08875488489866257,0.004827445140108466
28900,0.08323639631271362,0.004320087842643261
29000,0.08671911805868149,0.0045611672103405
29100,0.0867847427725792,0.004759627161547542
29200,0.0842338427901268,0.0046257032081484795
29300,0.09020467102527618,0.0052086657378822565
29400,0.08724503964185715,0.0050008760299533606
29500,0.09048520773649216,0.005302277393639088
29600,0.09475229680538177,0.005564688006415963
29700,0.08534610271453857,0.004440493881702423
29800,0.08396387100219727,0.00438381009735167
29900,0.08946691453456879,0.005134934326633811
30000,0.08410215377807617,0.004440924385562539
30100,0.07895241677761078,0.0037576137110590935
30200,0.07945302873849869,0.003836391610093415
30300,0.08230705559253693,0.0042192344553768635
30400,0.08137672394514084,0.004134063492529094
30500,0.08436011523008347,0.004336318699643016
30600,0.08221883326768875,0.004150711349211633
30700,0.0893113762140274,0.004711978370323777
30800,0.0864117294549942,0.004438942531123757
30900,0.08915525674819946,0.004741371143609285
31000,0.07821923494338989,0.003936512744985521
31100,0.08333799988031387,0.004373042145743966
31200,0.08937008678913116,0.004876090679317713
31300,0.0909871757030487,0.004937776364386082
31400,0.08488548547029495,0.004575748695060611
31500,0.08361998200416565,0.004437578842043877
31600,0.08576938509941101,0.004735980415716767
31700,0.08486026525497437,0.004636312602087855
31800,0.08462885767221451,0.004619073588401079
31900,0.08414208143949509,0.004689256427809596
32000,0.08586244285106659,0.005277260672301054
32100,0.08143499493598938,0.004570882068946958
32200,0.08538923412561417,0.005088278092443943
32300,0.08644319325685501,0.004924460547044873
32400,0.0815250426530838,0.004395009949803352
32500,0.09321529418230057,0.0058515912387520075
32600,0.08275427669286728,0.004524578806012869
32700,0.0835486352443695,0.004731430439278483
32800,0.08183465898036957,0.004210819257423282
32900,0.07909925282001495,0.003922501229681075
33000,0.08455652743577957,0.004452287568710744
33100,0.08337313681840897,0.004366737557575107
33200,0.07872504740953445,0.003979253466241062
33300,0.07951445132493973,0.003964252537116408
33400,0.08691632002592087,0.004788260906934738
33500,0.08758378028869629,0.004638772690668702
33600,0.0796322226524353,0.0041079247603192925
33700,0.08569025248289108,0.00437744939699769
33800,0.08327768743038177,0.00433138816151768
33900,0.07992395758628845,0.00407579867169261
34000,0.08123228698968887,0.004188059363514185
34100,0.08328155428171158,0.004509845864959061
34200,0.08614252507686615,0.004505203338339925
34300,0.08300085365772247,0.00433528155554086
34400,0.08562419563531876,0.004582626977935433
34500,0.08714926242828369,0.004974463721737266
34600,0.08534057438373566,0.004970839014276862
34700,0.07834914326667786,0.003796644858084619
34800,0.08832041919231415,0.004877901868894696
34900,0.08442750573158264,0.004895007703453302
35000,0.08559457212686539,0.004684377694502473
35100,0.08416091650724411,0.004533723811618984
35200,0.07572989165782928,0.0037883282639086246
35300,0.08588353544473648,0.0046640606597065926
35400,0.08043058216571808,0.004402015591040254
35500,0.08057167381048203,0.004167096805758774
35600,0.07714055478572845,0.004058078397065401
35700,0.08135426789522171,0.004323797067627311
35800,0.0849049985408783,0.00468630320392549
35900,0.07893106341362,0.004250045865774155
36000,0.08310620486736298,0.004425874445587397
36100,0.08000215142965317,0.004266664036549628
36200,0.08159765601158142,0.0046247742138803005
36300,0.08296036720275879,0.0046593897277489305
36400,0.07351135462522507,0.0036825231509283185
36500,0.07610150426626205,0.004082713043317199
36600,0.08244917541742325,0.0046623400412499905
36700,0.0819140300154686,0.004133790615014732
36800,0.08224213868379593,0.004363108309917152
36900,0.07679503411054611,0.003944249823689461
37000,0.07871412485837936,0.004378923214972019
37100,0.07647557556629181,0.004009495140053332
37200,0.07625693082809448,0.004011760116554797
37300,0.08260465413331985,0.004797081579454243
37400,0.08061980456113815,0.0044257978443056345
37500,0.07525904476642609,0.0038552102632820606
37600,0.07721544057130814,0.004172483924776316
37700,0.08409684151411057,0.00453620427288115
37800,0.08248894661664963,0.0044960028026252985
37900,0.07710408419370651,0.004145730519667268
38000,0.07904156297445297,0.00415918102953583
38100,0.07811453193426132,0.004129637265577912
38200,0.08076541125774384,0.004369044443592429
38300,0.07760658115148544,0.00417830771766603
38400,0.0825560912489891,0.0044085991103202105
38500,0.07531490921974182,0.00392580998595804
38600,0.07915977388620377,0.004052757867611945
38700,0.07822652906179428,0.004354056669399142
38800,0.0783180296421051,0.004000241169705987
38900,0.08528916537761688,0.004899327643215656
39000,0.0826682522892952,0.004629716393537819
39100,0.08400358259677887,0.004677157150581479
39200,0.08273783326148987,0.004453839734196663
39300,0.08649881929159164,0.0047523993998765945
39400,0.07568126916885376,0.0038278617430478334
39500,0.07713404297828674,0.004021453554742038
39600,0.07644587755203247,0.0040179293137043715
39700,0.07897362858057022,0.004234590684063733
39800,0.0768093690276146,0.004274205071851611
39900,0.0778447836637497,0.0040717581287026405
40000,0.07719076424837112,0.003900754381902516
40100,0.08071335405111313,0.004222965682856739
40200,0.07830344140529633,0.004187629674561322
40300,0.07736771553754807,0.004114496288821101
40400,0.07876720279455185,0.0041694281389936805
40500,0.07927767932415009,0.004272395744919777
40600,0.07744141668081284,0.0038535690400749445
40700,0.0767141655087471,0.003970653051510453
40800,0.07761967182159424,0.004088133457116783
40900,0.07908530533313751,0.00442843115888536
41000,0.07768413424491882,0.0040171375731006265
41100,0.07880228012800217,0.004290101118385792
41200,0.08109769970178604,0.0046310999896377325
41300,0.07968329638242722,0.004613408003933728
41400,0.07484695315361023,0.003798153717070818
41500,0.08344472944736481,0.0046164816012606025
41600,0.08115394413471222,0.004538131877779961
41700,0.07871974259614944,0.004254673724062741
41800,0.08054687082767487,0.0045606374042108655
41900,0.07846646010875702,0.0041935446206480265
42000,0.0809963196516037,0.004397439653985202
42100,0.08104689419269562,0.004312791163101792
42200,0.07919134944677353,0.004195407498627901
42300,0.07940351963043213,0.004164965357631445
42400,0.07867492735385895,0.003964869538322091
42500,0.07554300129413605,0.0039098483975976706
42600,0.08106046915054321,0.004689246881753206
42700,0.07789763808250427,0.004237100132741034
42800,0.07858460396528244,0.004183857003226876
42900,0.07802944630384445,0.004204424913041294
43000,0.07872016727924347,0.004245631047524512
43100,0.0801277831196785,0.0044691156363114715
43200,0.08613882213830948,0.004888931754976511
43300,0.07853095233440399,0.004239952424541116
43400,0.07727184146642685,0.004387383232824504
43500,0.0841696560382843,0.004655469208955765
43600,0.08281078934669495,0.004593617282807827
43700,0.08100061118602753,0.004553906503133476
43800,0.08168113976716995,0.0044339949963614345
43900,0.0773085430264473,0.004108095774427056
44000,0.07539451867341995,0.003983208443969488
44100,0.08176399767398834,0.004552348982542753
44200,0.07550673186779022,0.00399667106103152
44300,0.08094415068626404,0.004264776245690882
44400,0.08065471798181534,0.004547286778688431
44500,0.07758942246437073,0.00402096682228148
44600,0.0823134183883667,0.004376638447865844
44700,0.07739052176475525,0.0042823608964681625
44800,0.07488348335027695,0.0038718681316822767
44900,0.07613079994916916,0.0039960225112736225
45000,0.07287164777517319,0.0036087807966396213
45100,0.07191663980484009,0.0034853616962209344
45200,0.07706727087497711,0.003956853994168341
45300,0.0781005471944809,0.0042003089329227805
45400,0.07735641300678253,0.004100192920304835
45500,0.078617163002491,0.004192196065559983
45600,0.07401596009731293,0.0038236515829339623
45700,0.07380858063697815,0.0036549161886796355
45800,0.07420188933610916,0.003749038325622678
45900,0.07979127019643784,0.004786574630998075
46000,0.0782339870929718,0.004313359269872308
46100,0.07316424697637558,0.0037971599958837032
46200,0.08033403754234314,0.004473309614695609
46300,0.07660076022148132,0.004338669474236667
46400,0.0730227679014206,0.004109384142793715
46500,0.07625897973775864,0.004205629345960915
46600,0.07915396988391876,0.004860647022724152
46700,0.07744559645652771,0.004425197490490973
46800,0.07012639939785004,0.0036747094709426165
46900,0.07766491919755936,0.004265655297785997
47000,0.07694368064403534,0.004217160516418517
47100,0.07446976751089096,0.0038883419474586844
47200,0.07927658408880234,0.004394189338199794
47300,0.08330458402633667,0.004691500915214419
47400,0.07569947093725204,0.004383590538054705
47500,0.07385532557964325,0.003846807754598558
47600,0.0755765363574028,0.003975176834501326
47700,0.07657065242528915,0.004174838773906231
47800,0.07887758314609528,0.00439870695117861
47900,0.07298527657985687,0.0036618877202272415
48000,0.07818278670310974,0.00406607985496521
48100,0.07538033276796341,0.003866360755637288
48200,0.07486172020435333,0.0037194248288869858
48300,0.07555937021970749,0.004014238831587136
48400,0.08111313730478287,0.004583358415402472
48500,0.0778571367263794,0.004479745519347489
48600,0.0728125050663948,0.004289919743314385
48700,0.07738403230905533,0.004241799004375935
48800,0.07629351317882538,0.003910739440470934
48900,0.07517785578966141,0.003894308232702315
49000,0.07812128961086273,0.004450554377399385
49100,0.07281654328107834,0.003625192679464817
49200,0.0758909061551094,0.004066189751029015
49300,0.08015204221010208,0.0042270360281690955
49400,0.07910626381635666,0.004049600916914642
49500,0.07809033989906311,0.004180392134003341
49600,0.07737412303686142,0.003984590410254896
49700,0.07839489728212357,0.004213654436171055
49800,0.0747903510928154,0.0037064411444589496
49900,0.0752597376704216,0.003917476744391024
50000,0.0750867947936058,0.0042088760528713465
50100,0.07374653965234756,0.0037563148653134704
50200,0.07771092653274536,0.004024886293336749
50300,0.07176162302494049,0.0036495914682745934
50400,0.07663329690694809,0.003931727958843112
50500,0.08102966845035553,0.004601767286658287
50600,0.07552867382764816,0.00408989074639976
50700,0.0754430964589119,0.003812270937487483
50800,0.07691640406847,0.004150901571847498
50900,0.07538303732872009,0.0039021549746394157
51000,0.07234494388103485,0.003725107992067933
51100,0.0719662606716156,0.003616402973420918
51200,0.07002967596054077,0.003269760520197451
51300,0.07104884088039398,0.0033416779479011893
51400,0.07159174978733063,0.003652043524198234
51500,0.07497195899486542,0.00379415275529027
51600,0.07186895608901978,0.003471734933555126
51700,0.07156515121459961,0.0034421866293996572
51800,0.0680934339761734,0.0033533538226038218
51900,0.07509304583072662,0.0036172601394355297
52000,0.07318980991840363,0.003870085463859141
52100,0.0726218968629837,0.0035934189800173044
52200,0.07025542855262756,0.0032539424719288945
52300,0.07525965571403503,0.0036572039825841784
52400,0.06961339712142944,0.003294717986136675
52500,0.06773790717124939,0.003287827013991773
52600,0.07439650595188141,0.0036061647115275264
52700,0.0730607658624649,0.0035513911861926317
52800,0.07960140705108643,0.004297863808460534
52900,0.07471947371959686,0.003525138949044049
53000,0.07047905027866364,0.0034022813197225332
53100,0.07595609128475189,0.003786175628192723
53200,0.07176310569047928,0.0032811639830470085
53300,0.07399845868349075,0.0037466046633198857
53400,0.07360256463289261,0.0036129170330241323
53500,0.07804673910140991,0.003918191185221076
53600,0.07524760067462921,0.003564094309695065
53700,0.07321583479642868,0.0033693619770929217
53800,0.0766824409365654,0.0038474369794130325
53900,0.07144453376531601,0.00321927759796381
54000,0.06894179433584213,0.003060093498788774
54100,0.07548100501298904,0.003525458974763751
54200,0.07578662782907486,0.0037434655241668224
54300,0.07521247118711472,0.0037525834050029516
54400,0.07368122786283493,0.003477698308415711
54500,0.07456260919570923,0.0035919605288654566
54600,0.07350029796361923,0.003545257612131536
54700,0.06901872158050537,0.0032635502284392715
54800,0.0683930441737175,0.0031658465741202235
54900,0.07183418422937393,0.0036711361026391387
55000,0.06813293695449829,0.002999209798872471
55100,0.07095607370138168,0.0032836812315508723
55200,0.07074384391307831,0.0034319215919822454
55300,0.06977324187755585,0.0031162218656390905
55400,0.07477425038814545,0.003554541151970625
55500,0.07147800177335739,0.0033173226984217763
55600,0.06908713281154633,0.00333567603956908
55700,0.07358819246292114,0.0036146942293271422
55800,0.0701373815536499,0.0032134075881913304
55900,0.07159125804901123,0.0033007204765453935
56000,0.07463596761226654,0.0035430388525128365
56100,0.07015509158372879,0.0031872937688603997
56200,0.06935930252075195,0.0032025856780819595
56300,0.07162445783615112,0.0033563298638910055
56400,0.06917110830545425,0.0031823079334571958
56500,0.0697551965713501,0.0032004110980778933
56600,0.07225378602743149,0.0034378375858068466
56700,0.07322677224874496,0.0036852285265922546
56800,0.07643505185842514,0.0036392672918736935
56900,0.07232443243265152,0.0036354385083541274
57000,0.07097955793142319,0.0037328292382881045
57100,0.07646875828504562,0.0038592503406107426
57200,0.06853488087654114,0.0033243816578760743
57300,0.07486832141876221,0.004161050193943083
57400,0.07292766869068146,0.003601699252612889
57500,0.07655249536037445,0.003966734395362437
57600,0.07327987998723984,0.003400977933779359
57700,0.07328938692808151,0.003785576787777245
57800,0.07292626053094864,0.003554647439159453
57900,0.07114940881729126,0.00344256404787302
58000,0.06930471956729889,0.003340913914144039
58100,0.068308524787426,0.0032830493291839957
58200,0.06846834719181061,0.003282695892266929
58300,0.07588549703359604,0.003731526550836861
58400,0.07080979645252228,0.0032538746017962694
58500,0.06891978532075882,0.0031035152496770024
58600,0.07335372269153595,0.0032962425611913204
58700,0.0728323683142662,0.0033147226786240935
58800,0.06730123609304428,0.0028894798597320914
58900,0.07474301755428314,0.0036040504928678274
59000,0.06736978143453598,0.0029473919421434402
59100,0.06900767236948013,0.0030188674572855234
59200,0.06878243386745453,0.0029206761391833425
59300,0.07513894140720367,0.003774469601921737
59400,0.0703091248869896,0.00338074064347893
59500,0.07660149037837982,0.003534706891514361
59600,0.07072273641824722,0.003297925111837685
59700,0.07112083584070206,0.0033327110577374697
59800,0.07139197736978531,0.00323041423689574
59900,0.07201096415519714,0.003305057529360056
60000,0.07402153313159943,0.0034929056419059634
60100,0.06916199624538422,0.0031544138910248876
60200,0.07737572491168976,0.0037337670801207423
60300,0.07505067437887192,0.003535950556397438
60400,0.06752777844667435,0.003006483253557235
60500,0.06994950026273727,0.0031161713413894176
60600,0.07140590250492096,0.003142192610539496
60700,0.07133539766073227,0.003493427881039679
60800,0.07118158787488937,0.0034026995999738574
60900,0.06964150071144104,0.0030853699427098036
61000,0.07129748165607452,0.0032026328844949603
61100,0.07465339452028275,0.003379722125828266
61200,0.07135991752147675,0.003199357073754072
61300,0.07041940838098526,0.003136295359581709
61400,0.06747204065322876,0.0029713368276134133
61500,0.0735912099480629,0.003267088206484914
61600,0.07297462224960327,0.003345916047692299
61700,0.07924748212099075,0.0038415538147091866
61800,0.0715634748339653,0.0033236885210499167
61900,0.07506541907787323,0.0033757955534383655
62000,0.07149097323417664,0.003127017873339355
62100,0.07311418652534485,0.0031758156837895513
62200,0.07331118732690811,0.003483023145236075
62300,0.07127390801906586,0.0031566325342282653
62400,0.07278762757778168,0.0031882787588983774
62500,0.0700005516409874,0.003150707227177918
62600,0.07329379767179489,0.003276226343587041
62700,0.07292119413614273,0.0032359303440898657
62800,0.07052669674158096,0.0031065335497260094
62900,0.06997605413198471,0.0030273552983999252
63000,0.07494079321622849,0.0035087967989966273
63100,0.07586665451526642,0.0033491573994979262
63200,0.0771961510181427,0.0037095487350597978
63300,0.07172182947397232,0.0031105950474739075
63400,0.07201661914587021,0.0031090331031009555
63500,0.07622972130775452,0.003416883759200573
63600,0.078800730407238,0.0035879156785085797
63700,0.07129102200269699,0.0032016803743317723
63800,0.07276415824890137,0.0032444671960547566
63900,0.07384985685348511,0.0034658036893233657
64000,0.07079105824232101,0.003179878229275346
64100,0.07088817656040192,0.0031724742148071527
64200,0.07221094518899918,0.0033065840834751725
64300,0.07126036286354065,0.003176851198077202
64400,0.07965128123760223,0.0038370905676856637
64500,0.07306524366140366,0.0031340111745521426
64600,0.07165837287902832,0.003275161376222968
64700,0.0764450952410698,0.00352394615765661
64800,0.07783930748701096,0.003612866741605103
64900,0.0724041759967804,0.00308082508854568
65000,0.07375426590442657,0.0031626197742298245
65100,0.06979507207870483,0.0029310386162251234
65200,0.07167977094650269,0.003015527268871665
65300,0.07188712060451508,0.003198724240064621
65400,0.06811870634555817,0.002843985566869378
65500,0.0686117485165596,0.002911370014771819
65600,0.07534825056791306,0.0034155913162976503
65700,0.06886235624551773,0.002977413940243423
65800,0.0750143975019455,0.003428882802836597
65900,0.07601593434810638,0.003497950849123299
66000,0.06944512575864792,0.003011328517459333
66100,0.07307172566652298,0.003264731843955815
66200,0.0764930322766304,0.0036936975084245205
66300,0.07646133750677109,0.003464150708168745
66400,0.07300491631031036,0.0032843557419255376
66500,0.07625671476125717,0.003619391703978181
66600,0.07582557946443558,0.0035389342810958624
66700,0.07265700399875641,0.00332092959433794
66800,0.07615497708320618,0.003602534648962319
66900,0.07252903282642365,0.0031793846283107996
67000,0.067643903195858,0.003062534495256841
67100,0.07582413405179977,0.0035288329236209393
67200,0.0704587996006012,0.003101894282735884
67300,0.07602338492870331,0.0034814191749319434
67400,0.07399468868970871,0.0033436676021665335
67500,0.07818595319986343,0.003637264366261661
67600,0.0765305832028389,0.003552259528078139
67700,0.07187265902757645,0.0032701698364689946
67800,0.07632019370794296,0.003592712339013815
67900,0.07373376935720444,0.003388943732716143
68000,0.07656008005142212,0.003718872554600239
68100,0.07398700714111328,0.003396703163161874
68200,0.07344228774309158,0.003317088936455548
68300,0.07471999526023865,0.0033530822256579995
68400,0.07590904086828232,0.0033403339330106974
68500,0.07137756794691086,0.00313045596703887
68600,0.07058404386043549,0.0031204447150230408
68700,0.0705394372344017,0.003095006220974028
68800,0.07783568650484085,0.003545106272213161
68900,0.07802451401948929,0.0036582688335329294
69000,0.07406564056873322,0.0032182858558371663
69100,0.06799991428852081,0.0028525987872853875
69200,0.06742961704730988,0.002825832227244973
69300,0.07069524377584457,0.0030740449437871575
69400,0.07513179630041122,0.0033902067225426435
69500,0.06938847154378891,0.003022332675755024
69600,0.07479246705770493,0.003373902407474816
69700,0.07008817046880722,0.003060908056795597
69800,0.06966257840394974,0.0031015241984277964
69900,0.07448772341012955,0.0033309482969343662
70000,0.07419399172067642,0.0032919831573963165
70100,0.0788794681429863,0.003662584349513054
70200,0.07468055188655853,0.003357419976964593
70300,0.07717978209257126,0.003796492936089635
70400,0.07895060628652573,0.003832321148365736
70500,0.07215417921543121,0.0035511539317667484
70600,0.07229115068912506,0.0032419997733086348
70700,0.07049190998077393,0.0031046849908307195
70800,0.07342614233493805,0.0032504856353625655
70900,0.07054547220468521,0.0030324558028951287
71000,0.06864582002162933,0.0028791521908715367
71100,0.07204117625951767,0.0031031123362481594
71200,0.07459365576505661,0.003311429638415575
71300,0.07614833116531372,0.0034317992394790053
71400,0.07157284766435623,0.0030658936593681574
71500,0.07624468207359314,0.003351752180606127
71600,0.07471629232168198,0.0032435698667541146
71700,0.07620718330144882,0.0033724979730322957
71800,0.06821379065513611,0.0027673107106238604
71900,0.07277752459049225,0.0030733554158359766
72000,0.07126427441835403,0.002933259936980903
72100,0.07530933618545532,0.0033023767173290253
72200,0.07475195825099945,0.0032387322280555964
72300,0.0759989321231842,0.003489492111839354
72400,0.07485762238502502,0.0032206482719630003
72500,0.07110875844955444,0.003013060661032796
72600,0.0729927122592926,0.0031835187692195177
72700,0.0731467679142952,0.0031491590198129416
72800,0.07278354465961456,0.0032244340982288122
72900,0.07559549063444138,0.003390875062905252
73000,0.07314518094062805,0.003222403465770185
73100,0.07428377121686935,0.003374944906681776
73200,0.07386019825935364,0.0032990017207339406
73300,0.07626479864120483,0.0035156330559402704
73400,0.07408048212528229,0.0033884032163769007
73500,0.07913563400506973,0.003702515154145658
73600,0.07987352460622787,0.0036725043319165707
73700,0.0762728825211525,0.003470283350907266
73800,0.07395034283399582,0.0030977498972788453
73900,0.07819373160600662,0.0035773671697825193
74000,0.08085830509662628,0.0038297498831525445
74100,0.07681363821029663,0.0035104359267279506
74200,0.07487259805202484,0.0033679999178275466
74300,0.07286021113395691,0.0031165580730885267
74400,0.07749644666910172,0.0034241863759234548
74500,0.0761503353714943,0.003323877230286598
74600,0.0736885741353035,0.003272753907367587
74700,0.07166524976491928,0.0031539314659312367
74800,0.07281749695539474,0.0030688211554661393
74900,0.07313469797372818,0.00312553730327636
75000,0.07718215137720108,0.0034133592853322625
75100,0.07662676274776459,0.003481393796391785
75200,0.07364815473556519,0.0034215704072266817
75300,0.07540592551231384,0.003445922047831118
75400,0.07585225999355316,0.003556769574061036
75500,0.07448408007621765,0.0032844406086951494
75600,0.07138823717832565,0.0031131466384977102
75700,0.07131457328796387,0.003164773341268301
75800,0.07410524040460587,0.00335251004435122
75900,0.07375328987836838,0.0032860966166481376
76000,0.07108571380376816,0.0029557233210653067
76100,0.06795519590377808,0.0027642702916637063
76200,0.07301583141088486,0.0030356720089912415
76300,0.07708217948675156,0.003392985207028687
76400,0.07240276038646698,0.0030090216314420104
76500,0.07229501754045486,0.0029992394847795367
76600,0.07681434601545334,0.0033040090929716825
76700,0.06922776252031326,0.0028059708420187235
76800,0.07150519639253616,0.003052770276553929
76900,0.07328402996063232,0.0031929336255416274
77000,0.06876935809850693,0.002913174801506102
77100,0.08067073673009872,0.0035954780178144574
77200,0.07098330557346344,0.002940530888736248
77300,0.07103890925645828,0.0030203659553080797
77400,0.07051297277212143,0.0030538009013980627
77500,0.07117876410484314,0.003091674530878663
77600,0.07395036518573761,0.003304439946077764
77700,0.07423483580350876,0.003344406606629491
77800,0.07629955559968948,0.003442878951318562
77900,0.07242436707019806,0.0030714344466105103
78000,0.07547873258590698,0.0032290841918438673
78100,0.073981374502182,0.003261344274505973
78200,0.07956886291503906,0.0035437566693872213
78300,0.074245885014534,0.003229688387364149
78400,0.07499412447214127,0.0031370704527944326
78500,0.07746673375368118,0.0035019239876419306
78600,0.07670050114393234,0.0034264709101989865
78700,0.07480771094560623,0.00330343097448349
78800,0.07502681761980057,0.003390778321772814
78900,0.07302654534578323,0.0029244376346468925
79000,0.07175087183713913,0.0029286735225468874
79100,0.07231423258781433,0.0029673395911231637
79200,0.07056114822626114,0.003021273296326399
79300,0.07134677469730377,0.002886044792830944
79400,0.07284796237945557,0.0030927242478355765
79500,0.06970129162073135,0.0027147893561050296
79600,0.07144590467214584,0.0028727268800139427
79700,0.07040133327245712,0.0027997008292004466
79800,0.07309354096651077,0.0030548226786777377
79900,0.0777776688337326,0.0033398650120943785
80000,0.07381141930818558,0.0031104680383577943
80100,0.07396755367517471,0.0029789357213303447
80200,0.07739021629095078,0.0033122943714261055
80300,0.07766375690698624,0.003370769787579775
80400,0.0715630054473877,0.0028125534299761057
80500,0.06669840216636658,0.002639853279106319
80600,0.07064919173717499,0.002879483043216169
80700,0.07513711601495743,0.0032239275751635432
80800,0.07380322366952896,0.0030747430864721537
80900,0.07713045179843903,0.00332270422950387
81000,0.07306082546710968,0.0030972458189353347
81100,0.07506833970546722,0.0031730352202430367
81200,0.07480993121862411,0.0030846133595332503
81300,0.0713566243648529,0.002965307328850031
81400,0.0759609267115593,0.0031228108564391732
81500,0.06781388074159622,0.0027118587167933583
81600,0.07677746564149857,0.003169437753967941
81700,0.06889788061380386,0.002779063070192933
81800,0.07164357602596283,0.0028113890439271927
81900,0.0734463632106781,0.002917593577876687
82000,0.0733797699213028,0.0028838092694059014
82100,0.07767288386821747,0.0032368849497288465
82200,0.07531135529279709,0.003065932309255004
82300,0.07402952760457993,0.003007143153809011
82400,0.07172940671443939,0.00293008447624743
82500,0.07497945427894592,0.003040780662558973
82600,0.06982661783695221,0.0026262071914970875
82700,0.06929129362106323,0.002713548135943711
82800,0.06875219941139221,0.0026386782992631197
82900,0.07307795435190201,0.0029290399979799986
83000,0.07582443207502365,0.0031907897209748626
83100,0.07365021109580994,0.0029454410541802645
83200,0.07972927391529083,0.00341609597671777
83300,0.07408931851387024,0.00313662679400295
83400,0.06980891525745392,0.002688608830794692
83500,0.07175005227327347,0.0029059122316539288
83600,0.07183811068534851,0.0029090463649481535
83700,0.07410060614347458,0.0031323449220508337
83800,0.0677265077829361,0.002846389776095748
83900,0.0733150839805603,0.0030543060274794698
84000,0.06814057379961014,0.002619028789922595
84100,0.07197916507720947,0.0029859660426154733
84200,0.07411680370569229,0.002977713360451162
84300,0.07590848952531815,0.0030387704027816653
84400,0.07209909707307816,0.002804166520945728
84500,0.0728142037987709,0.0029159653931856155
84600,0.07606201618909836,0.0031793235102668405
84700,0.07498133927583694,0.0032934769988059998
84800,0.0721273273229599,0.0028811960946768522
84900,0.07084111869335175,0.0028468931559473276
85000,0.07366205006837845,0.0030300188809633255
85100,0.07378268986940384,0.0030955640831962228
85200,0.0735340416431427,0.0031217894284054637
85300,0.07546127587556839,0.0031941530760377645
85400,0.0715281218290329,0.002942316699773073
85500,0.07252660393714905,0.003050981555134058
85600,0.07405059784650803,0.0031678059604018927
85700,0.0741497352719307,0.0032827798277139664
85800,0.07322743535041809,0.0031252464978024364
85900,0.06880142539739609,0.0026747005758807063
86000,0.06865131109952927,0.002702042576856911
86100,0.07011197507381439,0.002821316826157272
86200,0.06715370714664459,0.0025311033241450787
86300,0.06994584947824478,0.002888352028094232
86400,0.06962121278047562,0.0028516685124486685
86500,0.0738161951303482,0.0031913031125441194
86600,0.07388769090175629,0.003090638667345047
86700,0.0725560262799263,0.0029910627054050565
86800,0.06742130219936371,0.0027127909706905484
86900,0.06827738136053085,0.002743013668805361
87000,0.06950697302818298,0.002653077244758606
87100,0.07262913137674332,0.0031121420906856656
87200,0.07457243651151657,0.0032610780326649547
87300,0.068620964884758,0.0028250550385564566
87400,0.07227466255426407,0.0029367010574787855
87500,0.06721185892820358,0.0026764243375509977
87600,0.06946533173322678,0.0028804681496694684
87700,0.07300868630409241,0.0028498665196821094
87800,0.06969770044088364,0.002690972643904388
87900,0.06889394670724869,0.0026146809104830027
88000,0.07121232151985168,0.0027483925223350525
88100,0.06861340254545212,0.0026157035026699305
88200,0.06711658090353012,0.002667785156518221
88300,0.07669158279895782,0.003435750841163099
88400,0.07111340761184692,0.0029820557683706284
88500,0.07369814813137054,0.0030657429015263915
88600,0.07184791564941406,0.002900825231336057
88700,0.07172838598489761,0.002867527538910508
88800,0.06831826269626617,0.002700129058212042
88900,0.06940873712301254,0.0026899176882579923
89000,0.0696394145488739,0.0028828763170167804
89100,0.06558316946029663,0.002580827451311052
89200,0.06802117079496384,0.0027327972929924726
89300,0.07230765372514725,0.002915032673627138
89400,0.07165925949811935,0.0029161630664020777
89500,0.06859830766916275,0.002654891344718635
89600,0.07620066404342651,0.0032288043294101954
89700,0.07273973524570465,0.002989166765473783
89800,0.06528908759355545,0.00244547869078815
89900,0.07367746531963348,0.003225394058972597
90000,0.07098215073347092,0.0029476661002263427
90100,0.07377666234970093,0.0032206447795033455
90200,0.07358575612306595,0.0032505725976079702
90300,0.0714525654911995,0.002934218500740826
90400,0.06551647186279297,0.002561838598921895
90500,0.07010770589113235,0.00272861635312438
90600,0.07026280462741852,0.0026791917625814676
90700,0.0719330906867981,0.0027726817643269897
90800,0.06997698545455933,0.002703133737668395
90900,0.07303674519062042,0.0030077496776357293
91000,0.07170907407999039,0.003104331437498331
91100,0.0762556716799736,0.0032497872598469257
91200,0.0725293755531311,0.002890233416110277
91300,0.07159668207168579,0.0028506850358098745
91400,0.07346189022064209,0.0029642997542396188
91500,0.07107069343328476,0.0026832768926396966
91600,0.07152393460273743,0.002827791846357286
91700,0.07088389247655869,0.002877510734833777
91800,0.06730816513299942,0.0026472151512280107
91900,0.07007668167352676,0.002774440683424473
92000,0.07156958431005478,0.002992094843648374
92100,0.0737825334072113,0.0029721366008743644
92200,0.0673072338104248,0.0024712628219276667
92300,0.07596564292907715,0.0031027268851175904
92400,0.07366626709699631,0.0029642092995345592
92500,0.07281295210123062,0.002988441730849445
92600,0.06809855252504349,0.0026760653126984835
92700,0.07235336303710938,0.0027705286629498005
92800,0.06896055489778519,0.002636826946400106
92900,0.06205042451620102,0.002238426706753671
93000,0.07346643507480621,0.0031703548738732934
93100,0.06772761046886444,0.002690927591174841
93200,0.07411769777536392,0.0030502028530463576
93300,0.0681697353720665,0.002623636624775827
93400,0.06848651170730591,0.0026624578749760985
93500,0.0670444592833519,0.002605338697321713
93600,0.06749075651168823,0.0024824931751936674
93700,0.06948528438806534,0.0026822099462151527
93800,0.07506173849105835,0.0031335006933659315
93900,0.06869515031576157,0.002545648952946067
94000,0.06579418480396271,0.002413928508758545
94100,0.07087963819503784,0.002763712080195546
94200,0.06912009418010712,0.002703007310628891
94300,0.0742850974202156,0.003062317962758243
94400,0.06868626922369003,0.002672464936040342
94500,0.06953164935112,0.0026736471336334944
94600,0.07146836072206497,0.002794091240502894
94700,0.07099462300539017,0.00288884190376848
94800,0.06888414174318314,0.002641147584654391
94900,0.07035711407661438,0.002603756496682763
95000,0.06656181812286377,0.002523078816011548
95100,0.071171835064888,0.002834778046235442
95200,0.06890884786844254,0.002657129894942045
95300,0.07139839231967926,0.002831542049534619
95400,0.0691855326294899,0.002681881655007601
95500,0.06763908267021179,0.0025763692101463675
95600,0.07101920247077942,0.002780711161904037
95700,0.06555172801017761,0.0025178254581987858
95800,0.07149230688810349,0.0029914871556684375
95900,0.06959458440542221,0.002658944809809327
96000,0.07103393226861954,0.0029119838727638125
96100,0.07047413289546967,0.0028370883082970977
96200,0.07516475021839142,0.0031115884194150567
96300,0.06848765164613724,0.0026705473428592086
96400,0.07028453797101974,0.002850401564501226
96500,0.07351706176996231,0.0029451140435412526
96600,0.06601016223430634,0.00253292394336313
96700,0.07537458837032318,0.0031208344735205173
96800,0.06945765763521194,0.0027131306705996394
96900,0.07264131307601929,0.0029184455052018166
97000,0.06967464089393616,0.0028244262794032693
97100,0.07505709677934647,0.003001659526489675
97200,0.07530070096254349,0.0031215582275763154
97300,0.06902028620243073,0.0027560811722651124
97400,0.07098555564880371,0.0028923830250278115
97500,0.06546074151992798,0.0025302752619609237
97600,0.06301532685756683,0.0023858995409682393
97700,0.06770146638154984,0.002774556865915656
97800,0.07139597088098526,0.003001003758981824
97900,0.06606154888868332,0.002410148037597537
98000,0.07176746428012848,0.0028477725572884083
98100,0.0682828351855278,0.002590173971839249
98200,0.06729999929666519,0.002490601153112948
98300,0.07082916051149368,0.002838933258317411
98400,0.06507005542516708,0.0025570614961907268
98500,0.0710647702217102,0.0030506099574267864
98600,0.06695785373449326,0.0026252669049426913
98700,0.06990943104028702,0.0028894414426758885
98800,0.07247249037027359,0.002936268807388842
98900,0.0702575147151947,0.0029777854215353727
99000,0.07079193741083145,0.00289172341581434
99100,0.06399998813867569,0.0024800512474030256
99200,0.07344678789377213,0.0029820960480719805
99300,0.06463667750358582,0.0024220714112743735
99400,0.0715230405330658,0.002787307254038751
99500,0.07282052934169769,0.0030106191989034414
99600,0.07100693881511688,0.002717194496653974
99700,0.0725216493010521,0.0028839794686064124
99800,0.06746271252632141,0.0026109720347449183
99900,0.06996066123247147,0.002762840944342315
100000,0.0686144232749939,0.002755581517703831
100100,0.06789972633123398,0.00281831796746701
100200,0.06813093274831772,0.0027533912798389792
100300,0.07304989546537399,0.003003331832587719
100400,0.06610437482595444,0.0026072502369061112
100500,0.07291395962238312,0.00307141721714288
100600,0.06367630511522293,0.002402037614956498
100700,0.06553343683481216,0.0023538648383691907
100800,0.06808494031429291,0.00266730401199311
100900,0.06984846293926239,0.0026365258963778615
101000,0.07272376865148544,0.002899795421399176
101100,0.06930352002382278,0.0028554429300129414
101200,0.06597413867712021,0.0025677421363070607
101300,0.06853906065225601,0.0028637448558583856
101400,0.06293642520904541,0.0022701468551531434
101500,0.062381379306316376,0.002381653059273958
101600,0.06405152380466461,0.0023585325106978416
101700,0.0611489936709404,0.0022219702368602157
101800,0.06479606032371521,0.0025531077990308404
101900,0.06525665521621704,0.002561707515269518
102000,0.07698894292116165,0.003362051909789443
102100,0.07203537225723267,0.0028413102263584733
102200,0.07576271891593933,0.00321078859269619
102300,0.06693337857723236,0.0026134236250072718
102400,0.06364340335130692,0.002390956273302436
102500,0.06559260189533234,0.0024958205176517367
102600,0.06396444141864777,0.002332210773602128
102700,0.06492127478122711,0.0025766597827896476
102800,0.06551998853683472,0.0024258550256490707
102900,0.06603211164474487,0.0024738317588344216
103000,0.06828979402780533,0.0025664145359769464
103100,0.06706445664167404,0.0026081877294927835
103200,0.061990488320589066,0.0023185679456219077
103300,0.06633369624614716,0.0025456196162849665
103400,0.0672612264752388,0.0027150327805429697
103500,0.06334096938371658,0.0022879679454490542
103600,0.06952057778835297,0.002655432908795774
103700,0.06532473862171173,0.002414109534583986
103800,0.07032115012407303,0.0028375183464959264
103900,0.06253141164779663,0.0024005892919376493
104000,0.06661617755889893,0.0025650191819295287
104100,0.06419536471366882,0.002430686727166176
104200,0.06506247818470001,0.002493427717126906
104300,0.06876778602600098,0.0027412836207076907
104400,0.06662841141223907,0.0025869652163237333
104500,0.06386799365282059,0.002422437071800232
104600,0.06340425461530685,0.002352146548219025
104700,0.06699345260858536,0.002625406254082918
104800,0.06437627971172333,0.0025690669426694512
104900,0.0683521255850792,0.0027387146838009357
105000,0.06554792076349258,0.0025594423059374094
105100,0.06731121242046356,0.002674984629265964
105200,0.07289694249629974,0.0030119025614112616
105300,0.06715558469295502,0.0027644517831504345
105400,0.06327814608812332,0.00238300918135792
105500,0.06155719235539436,0.0022959441412240267
105600,0.06129586696624756,0.0022340280702337623
105700,0.06504525989294052,0.0024896992836147547
105800,0.06616949290037155,0.0025547450641170144
105900,0.06718377023935318,0.002656866447068751
106000,0.06617164611816406,0.002586676157079637
106100,0.060780804604291916,0.002473838918376714
106200,0.06274667382240295,0.002576058031991124
106300,0.06485049426555634,0.002578474464826286
106400,0.06668024510145187,0.0025966725079342723
106500,0.06458666920661926,0.0025582731468603015
106600,0.062426723539829254,0.0022981371730566025
106700,0.06593957543373108,0.002457926282659173
106800,0.06372979283332825,0.0026456217747181654
106900,0.06721962243318558,0.0026160519337281585
107000,0.06322532147169113,0.0024544494226574898
107100,0.0712967962026596,0.002955922274850309
107200,0.06869497895240784,0.0026998368557542562
107300,0.06811027973890305,0.002691283239983022
107400,0.06498730927705765,0.0025064171059057117
107500,0.06921938806772232,0.0028196026105433702
107600,0.06670734286308289,0.002630187664180994
107700,0.06060665845870972,0.002216156688518822
107800,0.0672045424580574,0.002648051595315337
107900,0.06652835756540298,0.0026138221146538854
108000,0.06883381307125092,0.002700700773857534
108100,0.05777474865317345,0.0020382246002554893
108200,0.06148547679185867,0.002180109906475991
108300,0.06593639403581619,0.0026000398211181164
108400,0.06837869435548782,0.002740979427471757
108500,0.05979074165225029,0.0021411324851214886
108600,0.06749168038368225,0.002860287786461413
108700,0.061323899775743484,0.002323990222066641
108800,0.06133778393268585,0.0020782507490366697
108900,0.06526777893304825,0.0023242278257384896
109000,0.06422372907400131,0.002314305165782571
109100,0.07287686318159103,0.0028740365523844957
109200,0.06152442842721939,0.0021301291417330503
109300,0.06460186094045639,0.0024940103758126497
109400,0.06407462060451508,0.00250465446151793
109500,0.06802505254745483,0.002591870492324233
109600,0.06638301908969879,0.002519021392799914
109700,0.06458144634962082,0.002488953177817166
109800,0.06692425161600113,0.0025979678612202406
109900,0.0668187215924263,0.0025110566057264805
110000,0.06825165450572968,0.0025890006218105555
110100,0.06111729145050049,0.0021549355005845428
110200,0.06653887778520584,0.002398763899691403
110300,0.0641203373670578,0.002300581312738359
110400,0.06501741707324982,0.002490332815796137
110500,0.06923609972000122,0.002799202222377062
110600,0.06567931920289993,0.002495569991879165
110700,0.06833561509847641,0.0025794855318963528
110800,0.06923985481262207,0.0026656778063625097
110900,0.0651077926158905,0.002402827376499772
111000,0.0642486959695816,0.0023658060235902667
111100,0.0655522421002388,0.0024910004576668143
111200,0.06505616009235382,0.0024661868810653687
111300,0.06422679871320724,0.0024581921752542257
111400,0.06153862923383713,0.002119343087542802
111500,0.06751236319541931,0.0025106793036684394
111600,0.06719031929969788,0.002564264344982803
111700,0.07024701684713364,0.0027524284087121487
111800,0.0650492012500763,0.0024009819026105106
111900,0.06649015098810196,0.0024500860599800944
112000,0.06971299648284912,0.002779906033538282
112100,0.06325028091669083,0.0023342022905126214
112200,0.06448457390069962,0.0023125875741243362
112300,0.063531294465065,0.002239143941551447
112400,0.0644458755850792,0.002414718153886497
112500,0.06432729959487915,0.00232956325635314
112600,0.06364303082227707,0.002201806171797216
112700,0.06247607618570328,0.0021395660005509853
112800,0.06311754137277603,0.002211520913988352
112900,0.06570848077535629,0.0023817941546440125
113000,0.06707369536161423,0.0025342130102217197
113100,0.06691497564315796,0.002447276026941836
113200,0.06581221520900726,0.002439268515445292
113300,0.06137257069349289,0.002099187229759991
113400,0.06478944420814514,0.0024141460889950395
113500,0.06132401525974274,0.002118766773492098
113600,0.06746413558721542,0.002563759102486074
113700,0.06637991964817047,0.0025508453836664557
113800,0.06302499771118164,0.0022075034212321043
113900,0.06487955152988434,0.002297558472491801
114000,0.06309746950864792,0.0022146973060443997
114100,0.06347153335809708,0.002248625038191676
114200,0.06454475224018097,0.0022913956781849265
114300,0.06256625801324844,0.0022485125809907913
114400,0.06510168313980103,0.0023297106381505728
114500,0.06371399760246277,0.002251378493383527
114600,0.062143005430698395,0.0021980468882247806
114700,0.06411372870206833,0.002213193802163005
114800,0.06657423824071884,0.00241076631937176
114900,0.06438234448432922,0.002190302708186209
115000,0.062419287860393524,0.0021237757755443454
115100,0.06448622047901154,0.0022818713914602995
115200,0.06009935215115547,0.0019898416358046234
115300,0.06347154080867767,0.00224230729509145
115400,0.0614716000854969,0.0020954315550625324
115500,0.06031586602330208,0.002030065399594605
115600,0.06221011281013489,0.0021379515528678894
115700,0.06108700856566429,0.00207415537443012
115800,0.06236065551638603,0.002132188295945525
115900,0.06462164223194122,0.002315217163413763
116000,0.06928438693284988,0.0025464235804975033
116100,0.06326588988304138,0.002205113065429032
116200,0.06824100017547607,0.002477617934346199
116300,0.06404058635234833,0.0022637159563601017
116400,0.06282448768615723,0.00207981449784711
116500,0.06262645870447159,0.002142848214134574
116600,0.06448554247617722,0.002204157062806189
116700,0.061639752238988876,0.002116148709319532
116800,0.06257479637861252,0.002080384350847453
116900,0.06281755864620209,0.0021528954384848475
117000,0.06395577639341354,0.002154275425709784
117100,0.06208391487598419,0.0020397844491526484
117200,0.06298639625310898,0.0021260823123157024
117300,0.0656987801194191,0.002303307759575546
117400,0.06287001073360443,0.0020613267552107573
117500,0.06050468608736992,0.001954738865606487
117600,0.064415343105793,0.0022733762161806226
117700,0.06354017555713654,0.0021638445323333144
117800,0.06206577643752098,0.002141516422852874
117900,0.06601204723119736,0.0024748091818764806
118000,0.06564487516880035,0.0024574780836701393
118100,0.062300700694322586,0.0021314352052286267
118200,0.06015246734023094,0.001941997034009546
118300,0.061649907380342484,0.0020350366830825806
118400,0.05916370823979378,0.0018411959172226489
118500,0.06572742760181427,0.0023206250043585896
118600,0.06361208856105804,0.0021162701305001974
118700,0.06462191790342331,0.0021774593042209744
118800,0.06436454504728317,0.0022243433631956577
118900,0.06560184806585312,0.0023116954835131764
119000,0.0631408765912056,0.002240332425571978
119100,0.06486956030130386,0.002213665167801082
119200,0.06006792560219765,0.0019670947222039104
119300,0.06356799602508545,0.0021999026648700237
119400,0.06439552456140518,0.002183180768042803
119500,0.0630025789141655,0.0020996759412810206
119600,0.06087230518460274,0.0020411459263414145
119700,0.06289100646972656,0.0021212648134678602
119800,0.06330499053001404,0.0020971097983419895
119900,0.06297062337398529,0.0021303826943039894
120000,0.062052883207798004,0.002101253718137741
120100,0.0656614825129509,0.002359481411986053
120200,0.06442564725875854,0.0023816125467419624
120300,0.06665580719709396,0.0024091453524306417
120400,0.059374675154685974,0.002078078337945044
120500,0.06612955778837204,0.0023533576168119907
120600,0.06489678472280502,0.002307718386873603
120700,0.06333449482917786,0.002108121174387634
120800,0.06163272634148598,0.0020154518424533308
120900,0.05973214656114578,0.001956028223503381
121000,0.057514894753694534,0.0017656885902397335
121100,0.06457731872797012,0.0022143287351354957
121200,0.06331665813922882,0.0021897362312301993
121300,0.06492404639720917,0.0022701866691932082
121400,0.06147127225995064,0.0020338238682597876
121500,0.06334246695041656,0.002093602204695344
121600,0.06269323825836182,0.0021143475896678865
121700,0.061086516827344894,0.0020819396013394
121800,0.06841965019702911,0.00254921882878989
121900,0.06267791241407394,0.002110737143084407
122000,0.06200161948800087,0.0021207690006121993
122100,0.06367407739162445,0.0021517452551051974
122200,0.05943439528346062,0.00194891809951514
122300,0.061234038323163986,0.0020797993638552725
122400,0.06253646314144135,0.002219398505985737
122500,0.06036524102091789,0.0020349841797724366
122600,0.06472409516572952,0.00224100099876523
122700,0.06636814028024673,0.0024069821229204535
122800,0.061297494918107986,0.002025758905801922
122900,0.05883051082491875,0.00189473811769858
123000,0.06341511756181717,0.0022018038434907794
123100,0.06248650327324867,0.0021473891101777554
123200,0.06495742499828339,0.0022429449018090963
123300,0.05680408328771591,0.0018376210937276483
123400,0.062148839235305786,0.0022210017777979374
123500,0.061386313289403915,0.002180784707888961
123600,0.060660090297460556,0.0021107011707499623
123700,0.06292575597763062,0.002273250720463693
123800,0.062482696026563644,0.0022177206119522452
123900,0.06220012903213501,0.0020863343961536884
124000,0.06525850296020508,0.002280370914377272
124100,0.06442605704069138,0.0022721663117408752
124200,0.05997762456536293,0.001974701590370387
124300,0.06518859416246414,0.0023392041912302375
124400,0.06103958934545517,0.0021197982132434845
124500,0.059983234852552414,0.002016334212385118
124600,0.06286457926034927,0.002098236815072596
124700,0.06526792049407959,0.0023869227152317762
124800,0.0575253926217556,0.0019071769202128053
124900,0.057883717119693756,0.001865758909843862
125000,0.06379232555627823,0.002253211452625692
125100,0.057293593883514404,0.001812014204915613
125200,0.06390096247196198,0.002234854269772768
125300,0.06706223636865616,0.002384795225225389
125400,0.06481622159481049,0.0023248495999723673
125500,0.06288434565067291,0.0021913470700383186
125600,0.06192022189497948,0.002082843682728708
125700,0.06123313307762146,0.0020839940989390016
125800,0.06381431221961975,0.002240155707113445
125900,0.061299216002225876,0.002135233429726213
126000,0.06428607553243637,0.0022547206608578563
126100,0.06195232644677162,0.0022793947719037533
126200,0.06236761435866356,0.0020392790902405977
126300,0.06665998697280884,0.002393477247096598
126400,0.06439581513404846,0.0021853441139683127
126500,0.060172971338033676,0.0019302075379528105
126600,0.06477948278188705,0.002263501984998584
126700,0.06143344193696976,0.002120591583661735
126800,0.06324413418769836,0.002167299622669816
126900,0.05933607742190361,0.001938903471454978
127000,0.06848841905593872,0.002429464482702315
127100,0.0650252029299736,0.0023371876450255513
127200,0.061178967356681824,0.0020368105615489185
127300,0.06363566219806671,0.00226941192522645
127400,0.06006311625242233,0.0020287424558773637
127500,0.06228933110833168,0.002190984785556793
127600,0.06560273468494415,0.002293675672262907
127700,0.06258559226989746,0.0022172393510118127
127800,0.06117329001426697,0.0020176880061626434
127900,0.06406547874212265,0.002159505500458181
128000,0.06782856583595276,0.002559405635111034
128100,0.06733787804841995,0.0025015879655256867
128200,0.06394483149051666,0.002170743769966066
128300,0.06761877983808517,0.0024773746263235807
128400,0.06413993239402771,0.002305247588083148
128500,0.060594167560338974,0.0023860351648181677
128600,0.06901329755783081,0.0026719181332737207
128700,0.06498502194881439,0.002499386202543974
128800,0.0675857737660408,0.0025009149685502052
128900,0.06791209429502487,0.0025342375738546252
129000,0.06784597784280777,0.002536377403885126
129100,0.06797382980585098,0.0026578018441796303
129200,0.06335779279470444,0.002222456270828843
129300,0.06731286644935608,0.0025314143858850002
129400,0.06734463572502136,0.0024638489121571183
129500,0.06264881789684296,0.0022116793552413583
129600,0.06575843691825867,0.002464509103447199
129700,0.06842239946126938,0.002554592094384134
129800,0.06370346993207932,0.002219373476691544
129900,0.06551346927881241,0.0023392271250486374
130000,0.06735846400260925,0.002396503696218133
130100,0.06812089681625366,0.0024667796678841114
130200,0.06402228772640228,0.0021667288383468986
130300,0.06270593404769897,0.00213822687510401
130400,0.06824775785207748,0.0025993017479777336
130500,0.06355635821819305,0.0022646007128059864
130600,0.06761564314365387,0.002524420735426247
130700,0.06652902811765671,0.002448847866617143
130800,0.06548067927360535,0.002307152491994202
130900,0.06789819896221161,0.0025100638158619404
131000,0.06448294222354889,0.0022837508004158735
131100,0.06896063685417175,0.002582521177828312
131200,0.0662379041314125,0.002447816776111722
131300,0.06418044120073318,0.0023573979269713163
131400,0.0685008242726326,0.002638245467096567
131500,0.06911585479974747,0.0026524862041696906
131600,0.06627850979566574,0.0023973897332325578
131700,0.06883613020181656,0.002460367395542562
131800,0.06745537370443344,0.0023732082918286324
131900,0.06610464304685593,0.002236510394141078
132000,0.0689530223608017,0.0024685320677235723
132100,0.06129130721092224,0.00208780518732965
132200,0.06512969732284546,0.0024262890219688416
132300,0.06764611601829529,0.0024531810777261853
132400,0.06711962819099426,0.0024729821598157287
132500,0.06544015556573868,0.0022278577089309692
132600,0.066543348133564,0.0023518791422247887
132700,0.06632278859615326,0.002430999302305281
132800,0.068712018430233,0.0026367090176790953
132900,0.0643574669957161,0.0023399520432576537
133000,0.05849291756749153,0.0020715591963380575
133100,0.06616616249084473,0.0024642577627673745
133200,0.06477200239896774,0.0023595786187797785
133300,0.06508748978376389,0.002222739509306848
133400,0.06581462174654007,0.0023264039773494005
133500,0.06702877581119537,0.0024566611973568797
133600,0.06623411923646927,0.0024535185657441616
133700,0.062343765050172806,0.002129711792804301
133800,0.06491861492395401,0.0023625470930710435
133900,0.06652208417654037,0.002371243666857481
134000,0.06611624360084534,0.002349298563785851
134100,0.06640426069498062,0.002294620731845498
134200,0.0662173256278038,0.002280628774315119
134300,0.0644286721944809,0.0021650620037689805
134400,0.06821434944868088,0.0023886451963335276
134500,0.06560870260000229,0.002236574189737439
134600,0.06271868199110031,0.0021217065514065325
134700,0.06612925976514816,0.002357765333727002
134800,0.06287725269794464,0.002137843519449234
134900,0.06415466219186783,0.0021531678503379226
135000,0.06438154727220535,0.0022113776649348438
135100,0.06205235794186592,0.0021677674958482385
135200,0.06470704078674316,0.0022372687235474586
135300,0.06929643452167511,0.0025506140664219856
135400,0.0610983744263649,0.002052127383649349
135500,0.06789057701826096,0.0025133092422038317
135600,0.06322785466909409,0.002224845695309341
135700,0.06668304651975632,0.002530642435885966
135800,0.06349886208772659,0.0022034624125808477
135900,0.06146923452615738,0.002082709805108607
136000,0.06425386667251587,0.0024520785082131624
136100,0.06478370726108551,0.002408284810371697
136200,0.0644133985042572,0.0022952682338654995
136300,0.064692921936512,0.0022172194439917803
136400,0.0625271275639534,0.002052083145827055
136500,0.06450213491916656,0.0021730936132371426
136600,0.06224644184112549,0.002111108391545713
136700,0.06565587967634201,0.0024965779157355428
136800,0.06520459055900574,0.0023571456549689174
136900,0.06548886746168137,0.002412633446510881
137000,0.061483681201934814,0.0021245875977911055
137100,0.06569511443376541,0.002299840794876218
137200,0.06662696599960327,0.002438539289869368
137300,0.06295330077409744,0.002143074758350849
137400,0.06202995777130127,0.0022396851563826203
137500,0.06567490845918655,0.0024290357250720263
137600,0.061779506504535675,0.002096489304676652
137700,0.0636913925409317,0.0022367192432284355
137800,0.06722362339496613,0.002460792544297874
137900,0.06375055015087128,0.0023111337795853615
138000,0.07015670835971832,0.0026876641204580665
138100,0.06660232692956924,0.0026281678583472967
138200,0.06700092554092407,0.0027639816398732364
138300,0.06505639851093292,0.00236228562425822
138400,0.06666092574596405,0.002477674395777285
138500,0.0677139088511467,0.0026075600180774927
138600,0.06772714853286743,0.002506493008695543
138700,0.06796420365571976,0.002470110426656902
138800,0.0643991231918335,0.0022994513856247067
138900,0.0671357661485672,0.00255437137093395
139000,0.06736165285110474,0.002551478333771229
139100,0.06158274784684181,0.0021965918131172657
139200,0.06458210200071335,0.0024846813175827265
139300,0.06575900316238403,0.0024884591111913323
139400,0.06651919335126877,0.0024420005502179265
139500,0.06828619539737701,0.002627932350151241
139600,0.07075302302837372,0.002672416507266462
139700,0.06759573519229889,0.002512304112315178
139800,0.07052198797464371,0.0027362520340830088
139900,0.06642153859138489,0.0024958400754258037
140000,0.0685843974351883,0.0026357946917414665
140100,0.06192733719944954,0.0022499621263705194
140200,0.06340344995260239,0.0022640456445515156
140300,0.06920574605464935,0.002720425487495959
140400,0.06690727919340134,0.0024908166378736496
140500,0.06673584878444672,0.002615662757307291
140600,0.06609524041414261,0.002499932888895273
140700,0.0654282197356224,0.0024373410269618034
140800,0.06852186471223831,0.002583711175248027
140900,0.06707975268363953,0.0025236576329916716
141000,0.06564869731664658,0.002348237787373364
141100,0.06530947983264923,0.002414888294879347
141200,0.06577134877443314,0.0023477852228097618
141300,0.06331213563680649,0.0022707278840243816
141400,0.07007555663585663,0.002696935669519007
141500,0.06783365458250046,0.0026020865188911557
141600,0.06595690548419952,0.002407008083537221
141700,0.06480873376131058,0.002362199651543051
141800,0.06513148546218872,0.0023825832176953554
141900,0.07326477020978928,0.0029191281646490097
142000,0.06571969389915466,0.002414344751741737
142100,0.06866324692964554,0.002694462309591472
142200,0.0693422481417656,0.0026354931760579348
142300,0.06987206637859344,0.002757446374744177
142400,0.0715148076415062,0.0027308420976623893
142500,0.07022854685783386,0.0026624242309480906
142600,0.06593020260334015,0.0023543424322269857
142700,0.06985311210155487,0.0026917288778349757
142800,0.06640072911977768,0.0023744721547700465
142900,0.0638081505894661,0.0022531930590048432
143000,0.06525562703609467,0.0023255100240930915
143100,0.06809219717979431,0.0025121087674051523
143200,0.06650438159704208,0.0024059308925643563
143300,0.06725272536277771,0.0024707727134227753
143400,0.06627380102872849,0.002433076733723283
143500,0.06838516891002655,0.0024511608062312007
143600,0.07135084271430969,0.002597432117909193
143700,0.06796332448720932,0.0023610488860867918
143800,0.06821221858263016,0.0024563868064433336
143900,0.06746387481689453,0.002358344499953091
144000,0.0674315020442009,0.002375252894125879
144100,0.0692298412322998,0.0024639838375151157
144200,0.06972552835941315,0.002505921176634729
144300,0.06692837178707123,0.002410290762782097
144400,0.06768940389156342,0.0025259448448196054
144500,0.06866148859262466,0.002480728318914771
144600,0.06862471997737885,0.0025378186255693436
144700,0.0633169412612915,0.0021754351328127086
144800,0.06816311925649643,0.002407048945315182
144900,0.07220704108476639,0.0026737296720966697
145000,0.07353921234607697,0.002903793123550713
145100,0.06723065674304962,0.0026080532697960734
145200,0.07201653718948364,0.002861405606381595
145300,0.06625507026910782,0.0024666081881150603
145400,0.07104678452014923,0.0028056224109604955
145500,0.07302491366863251,0.0028443915070965886
145600,0.06592065840959549,0.0022967748809605837
145700,0.06941701471805573,0.002673397888429463
145800,0.06683889776468277,0.0023850761353969574
145900,0.06452348083257675,0.002322296903003007
146000,0.0655759796500206,0.002306230890098959
146100,0.06680963933467865,0.0024256291799247265
146200,0.0639244019985199,0.002307393355295062
146300,0.06317798048257828,0.002230303594842553
146400,0.06808255612850189,0.002544409711845219
146500,0.06785072386264801,0.002497656038030982
146600,0.06682023406028748,0.0025238814996555448
146700,0.06680461019277573,0.002385854721069336
146800,0.0631621703505516,0.002178708033170551
146900,0.06393879652023315,0.0022465541842393577
147000,0.07028254866600037,0.002555979765020311
147100,0.0661374181509018,0.0023224754258990288
147200,0.0663500428199768,0.0023508600424975157
147300,0.06753289699554443,0.0024493407690897584
147400,0.07357771694660187,0.0029301554895937443
147500,0.06754561513662338,0.002426977618597448
147600,0.06715065985918045,0.0023423939710482955
147700,0.06881829351186752,0.0025185656268149614
147800,0.06935393810272217,0.0024925845209509134
147900,0.07045292854309082,0.0026598444674164057
148000,0.07279089838266373,0.0027284560492262244
148100,0.07370442152023315,0.0027923417510464787
148200,0.06516711413860321,0.0022236674558371305
148300,0.06782498955726624,0.002456597751006484
148400,0.06917718797922134,0.0024934549583122134
148500,0.06657824665307999,0.0024418446701020002
148600,0.06886830180883408,0.002433387329801917
148700,0.07085631042718887,0.0026180902495980263
148800,0.06978195160627365,0.002480779425241053
148900,0.06896872818470001,0.0024966445052996278
149000,0.06849077343940735,0.002471809391863644
149100,0.06761980801820755,0.0023625361500307918
149200,0.06947971880435944,0.002597153070382774
149300,0.06934068351984024,0.0026191845536231995
149400,0.06761419028043747,0.002405326464213431
149500,0.06597498059272766,0.002412512432783842
149600,0.06683769077062607,0.0024839165853336453
149700,0.0715075209736824,0.0026826433604583144
149800,0.06440246850252151,0.0022727670148015022
149900,0.06753545999526978,0.002481403644196689
150000,0.06662795692682266,0.002407935622613877
150100,0.06736646592617035,0.002408287371508777
150200,0.06875419616699219,0.0025503027718514204
150300,0.06749124079942703,0.002487821562681347
150400,0.06872772425413132,0.0025951347779482603
150500,0.0693931132555008,0.0026893383474089205
150600,0.06502164900302887,0.0023340742336586118
150700,0.0668296068906784,0.00240027072140947
150800,0.06786098331212997,0.002618018537759781
150900,0.0702088475227356,0.0027411472983658314
151000,0.06419319659471512,0.0022328378981910646
151100,0.06385441869497299,0.0022728840121999383
151200,0.07080942392349243,0.00261177949141711
151300,0.06737332046031952,0.002436563721857965
151400,0.0634143203496933,0.002171760657802224
151500,0.06777431815862656,0.0023748811800032854
151600,0.06623022258281708,0.002352161565795541
151700,0.058296170085668564,0.0018672992591746151
151800,0.06892919540405273,0.0025070668198168278
151900,0.06400808691978455,0.002255975909065455
152000,0.06478334963321686,0.0022635492496192455
152100,0.07253728806972504,0.002625078661367297
152200,0.07021307200193405,0.0025314552476629615
152300,0.06718967854976654,0.0023534161737188697
152400,0.0659368485212326,0.0022949279518797994
152500,0.06543922424316406,0.002232367522083223
152600,0.0651826411485672,0.0023387850960716605
152700,0.06520414352416992,0.0022104695672169328
152800,0.0667295977473259,0.002377074386458844
152900,0.065181203186512,0.0021916930563747883
153000,0.06756848841905594,0.002417118812445551
153100,0.06662208586931229,0.002287511946633458
153200,0.06376229226589203,0.0021575557184405625
153300,0.061847563832998276,0.002120790595654398
153400,0.06311564147472382,0.0021366330911405385
153500,0.06559638679027557,0.0022895056754350662
153600,0.06814727932214737,0.002469936851412058
153700,0.06619028002023697,0.0023184469901025295
153800,0.06652448326349258,0.0023706565843895078
153900,0.0674719586968422,0.0024642656790092587
154000,0.06831566244363785,0.002422506455332041
154100,0.07036501169204712,0.002610288211144507
154200,0.06606371700763702,0.0023016182240098715
154300,0.06341151148080826,0.0021570735843852162
154400,0.06567772477865219,0.0022678434615954757
154500,0.06830671429634094,0.002480129594914615
154600,0.0701531320810318,0.002606542082503438
154700,0.07121384888887405,0.0027754093753173947
154800,0.07120325416326523,0.002738116425462067
154900,0.06850447505712509,0.0024658882757648826
155000,0.070424884557724,0.0024842391721904278
155100,0.07252366095781326,0.0026692963438108563
155200,0.06995876878499985,0.0025563855888321996
155300,0.06852137297391891,0.0024898714618757367
155400,0.07076127827167511,0.002629451104439795
155500,0.06621890515089035,0.00239349901676178
155600,0.0662742480635643,0.0022990424185991287
155700,0.06803784519433975,0.0024019719567149878
155800,0.06544303148984909,0.002300163498148322
155900,0.06538362801074982,0.0021818592213094234
156000,0.06578773260116577,0.0022162371315062046
156100,0.06418819725513458,0.002159880241379142
156200,0.06901755928993225,0.0025458711897954345
156300,0.06950674951076508,0.002446382772177458
156400,0.06732356548309326,0.002451692009344697
156500,0.06963343173265457,0.002567850984632969
156600,0.07228350639343262,0.0027982419123873115
156700,0.06655345112085342,0.0023351311683654785
156800,0.06865689158439636,0.002512394334189594
156900,0.069411501288414,0.0025761359138414264
157000,0.06666947156190872,0.0024481479777023196
157100,0.0695526972413063,0.0025653585325926542
157200,0.07161812484264374,0.0026564387371763587
157300,0.06999990344047546,0.002576795290224254
157400,0.0671020895242691,0.002410029643215239
157500,0.06863974034786224,0.0025162496604025364
157600,0.06769917905330658,0.002441817196086049
157700,0.06964778900146484,0.002482100040651858
157800,0.06810569763183594,0.002502224873751402
157900,0.06887464970350266,0.002474121516570449
158000,0.06657451391220093,0.002375312615185976
158100,0.06590602546930313,0.002246488817036152
158200,0.06966225802898407,0.002581082982942462
158300,0.06786122173070908,0.002401591744273901
158400,0.0684366300702095,0.002459067269228399
158500,0.06685668975114822,0.0024504840839654207
158600,0.06973454356193542,0.002552251215092838
158700,0.06803479790687561,0.00236437504645437
158800,0.0652342289686203,0.0022290567867457867
158900,0.06682813167572021,0.0023091003531590104
159000,0.06604350358247757,0.002261376881506294
159100,0.06499515473842621,0.0022516921162605286
159200,0.06767614185810089,0.0023736378643661737
159300,0.06357909739017487,0.002177530899643898
159400,0.059215303510427475,0.0019830488599836826
159500,0.05996907874941826,0.0018652405124157667
159600,0.06435533612966537,0.0021888859337195754
159700,0.06985961645841599,0.0025704307481646538
159800,0.06503269076347351,0.0022473566932603717
159900,0.06738858669996262,0.002364726737141609
160000,0.06476900726556778,0.002227507997304201
160100,0.06406621634960175,0.002219721267465502
160200,0.06266583502292633,0.002091637346893549
160300,0.06425151973962784,0.002100885845720768
160400,0.06858247518539429,0.002377544646151364
160500,0.06849328428506851,0.0023479245137423277
160600,0.06168196350336075,0.0020757929305545986
160700,0.06625209748744965,0.0022589839063584805
160800,0.06607452034950256,0.0022797323763370514
160900,0.06424807012081146,0.002114846254698932
161000,0.06301165372133255,0.0021126912906765938
161100,0.06508313864469528,0.002198996488004923
161200,0.06256510317325592,0.0021378820529207587
161300,0.06392251700162888,0.002149370382539928
161400,0.0668882429599762,0.0022873737616464496
161500,0.06530921161174774,0.002253552549518645
161600,0.06472475081682205,0.0021570277167484164
161700,0.06447155773639679,0.002154295681975782
161800,0.06129088252782822,0.0020754063152708113
161900,0.06532780826091766,0.002216598019003868
162000,0.06204633787274361,0.002103914855979383
162100,0.06339842081069946,0.002169912157114595
162200,0.06127604842185974,0.0019546658149920404
162300,0.06205253303050995,0.0021079237340018153
162400,0.0633961483836174,0.0021878837142139673
162500,0.06460826843976974,0.0021574486745521426
162600,0.06872386485338211,0.0024185831425711513
162700,0.06448305398225784,0.002362015889957547
162800,0.0688074380159378,0.0024562389589846134
162900,0.06693179905414581,0.002366771805100143
163000,0.06677290052175522,0.002432073117233813
163100,0.06465920060873032,0.0022196003701537848
163200,0.06625951081514359,0.002328922040760517
163300,0.06493935734033585,0.002269707270897925
163400,0.06858997046947479,0.002376768388785422
163500,0.0627284049987793,0.0020465163979679346
163600,0.06355348229408264,0.0021698129130527377
163700,0.060642000287771225,0.002035095531027764
163800,0.06263408809900284,0.0021387282758951187
163900,0.06695248186588287,0.0023380893981084228
164000,0.06401319801807404,0.0022023916244506836
164100,0.061072006821632385,0.002050031558610499
164200,0.060391865670681,0.0020768638933077455
164300,0.05864323675632477,0.001879275543615222
164400,0.059558041393756866,0.0018453184165991843
164500,0.06062214449048042,0.0019935931777581573
164600,0.06512724608182907,0.0021889854688197374
164700,0.06049821898341179,0.001977737294510007
164800,0.06380447745323181,0.002201613155193627
164900,0.06391622871160507,0.0021662687649950385
165000,0.06419093161821365,0.002265477378387004
165100,0.05984512344002724,0.0019415043643675745
165200,0.05992062762379646,0.0021150712273083627
165300,0.06334507465362549,0.0021660318598151207
165400,0.06408264487981796,0.0022029936080798507
165500,0.062477100640535355,0.002134641748853028
165600,0.06242379546165466,0.002067972323857248
165700,0.06007581576704979,0.0019747268524952233
165800,0.06082699075341225,0.0020054091000929475
165900,0.06641395390033722,0.0023177959956228733
166000,0.06450578570365906,0.0022999283391982317
166100,0.06377343088388443,0.0022749827476218343
166200,0.06795675307512283,0.0025805883342400193
166300,0.06632516533136368,0.002268406911753118
166400,0.0660955160856247,0.002301944186910987
166500,0.06267154216766357,0.0020310592371970415
166600,0.06698954105377197,0.0023330856347456574
166700,0.06095539405941963,0.001962419191841036
166800,0.060899768024683,0.0020011719316244125
166900,0.06647425889968872,0.0023496445501223207
167000,0.06556472927331924,0.0022546780528500676
167100,0.06247873604297638,0.0021499590948224068
167200,0.06465577334165573,0.0023362694773823023
167300,0.06570759415626526,0.002439403091557324
167400,0.0637531653046608,0.0022330828942358494
167500,0.06228313595056534,0.0020880901720374823
167600,0.06160903349518776,0.0021571732359007
167700,0.06194482371211052,0.002097923308610916
167800,0.06345153599977493,0.002190345316193998
167900,0.05787033960223198,0.001820686855353415
168000,0.06136481836438179,0.002100585028529167
168100,0.062178775668144226,0.0021600526524707675
168200,0.06077353656291962,0.0021666461834684014
168300,0.059959255158901215,0.0020877618226222694
168400,0.0632200837135315,0.0022094438318163157
168500,0.05883133411407471,0.0019057216704823077
168600,0.05959225073456764,0.002040422987192869
168700,0.05971477925777435,0.0019384424667805433
168800,0.06500908732414246,0.0023456650087609887
168900,0.06600446254014969,0.002346184221096337
169000,0.06386879086494446,0.0022785707842558622
169100,0.06445343792438507,0.002285883529111743
169200,0.06350796669721603,0.002285911818034947
169300,0.06372281908988953,0.00233258749358356
169400,0.06330978125333786,0.0022172158351168036
169500,0.06298337876796722,0.002227366087026894
169600,0.06410440802574158,0.0023197269765660167
169700,0.06593993306159973,0.002311004209332168
169800,0.06418764591217041,0.002337645390070975
169900,0.06447076052427292,0.002393021830357611
170000,0.06391342729330063,0.0023062563268467784
170100,0.06719284504652023,0.00240389839746058
170200,0.06442811340093613,0.0022336782421916723
170300,0.06371667236089706,0.002233430161140859
170400,0.06325893849134445,0.0021904484601691365
170500,0.06439927965402603,0.0022417124127969146
170600,0.06374961137771606,0.002294282545335591
170700,0.05996806174516678,0.0020022120443172753
170800,0.05977080389857292,0.0020215524127706885
170900,0.06500707566738129,0.0023590793134644628
171000,0.06646224111318588,0.0024089644430205226
171100,0.06251367181539536,0.002130227047018707
171200,0.06504252552986145,0.002321090898476541
171300,0.06507551670074463,0.002230989281088114
171400,0.06526527553796768,0.0022448409581556916
171500,0.06169739365577698,0.0020675581181421876
171600,0.06434877961874008,0.0021584018832072616
171700,0.0626150444149971,0.002017232356593013
171800,0.05975336581468582,0.0019817760912701488
171900,0.06151546165347099,0.0020379197085276246
172000,0.06251701712608337,0.0020293265115469694
172100,0.06150119751691818,0.0020555920200422406
172200,0.06091979518532753,0.002060186001472175
172300,0.061836037784814835,0.002091889618895948
172400,0.061173152178525925,0.001989091164432466
172500,0.061265092343091965,0.0020273104310035706
172600,0.06207364425063133,0.002014562312979251
172700,0.06306424736976624,0.0020998292602598667
172800,0.06316255778074265,0.0021684954408556223
172900,0.06190815195441246,0.0020706901559606194
173000,0.06411530822515488,0.002127116546034813
173100,0.06255482882261276,0.002075404394418001
173200,0.06223900988698006,0.002040705760009587
173300,0.06329205632209778,0.002101871883496642
173400,0.06444618850946426,0.0022511244751513004
173500,0.06124889478087425,0.002067193272523582
173600,0.06397350132465363,0.002159762312658131
173700,0.062084563076496124,0.00208585022483021
173800,0.05979306250810623,0.0020160743151791394
173900,0.058183420449495316,0.001998795138206333
174000,0.06545329838991165,0.0022866273066028953
174100,0.062191832810640335,0.002005930000450462
174200,0.0646364837884903,0.0022032061824575067
174300,0.05865409970283508,0.0019022821797989309
174400,0.06337373703718185,0.0022299261181615293
174500,0.06226939707994461,0.002077646611724049
174600,0.06363067775964737,0.0022277392563410103
174700,0.06433015316724777,0.002168086590245366
174800,0.05724332481622696,0.0018557306029833853
174900,0.05846208706498146,0.0018655183957889676
175000,0.0596502460539341,0.0019753185333684087
175100,0.06048940494656563,0.0020298943272791803
175200,0.06073538586497307,0.001985793118365109
175300,0.05744623392820358,0.0018536776187829673
175400,0.059851452708244324,0.0019649642636068165
175500,0.058944687247276306,0.001911854837089777
175600,0.06160317361354828,0.0020163532462902367
175700,0.06667492538690567,0.002335500670596957
175800,0.06377466768026352,0.0021635896409861743
175900,0.06191221624612808,0.0020296074799261987
176000,0.06573078781366348,0.002314987184945494
176100,0.06259052455425262,0.00209589465521276
176200,0.06215867027640343,0.0021270333090797067
176300,0.0639813020825386,0.002148097788449377
176400,0.06289295107126236,0.0020925692515447736
176500,0.06073151156306267,0.0020540677942335606
176600,0.06020345538854599,0.001974085869733244
176700,0.05951063707470894,0.001963141548912972
176800,0.05864017456769943,0.0019762173178605735
176900,0.06314774602651596,0.0022090855054557323
177000,0.0618421696126461,0.0021805789438076317
177100,0.05979747325181961,0.0020541477133519948
177200,0.05887071043252945,0.0019343773601576686
177300,0.06457247585058212,0.0024968041107058525
177400,0.06547246873378754,0.0024681935319676995
177500,0.06533773988485336,0.002544803428463638
177600,0.06506602466106415,0.0024979538284242153
177700,0.0625663697719574,0.0023528371239081025
177800,0.06398098915815353,0.002420807082671672
177900,0.06308025866746902,0.002225084463134408
178000,0.06361770629882812,0.0023851594887673855
178100,0.0640963613986969,0.0022729276679456234
178200,0.06300733983516693,0.0022183593828231096
178300,0.060218531638383865,0.0020644384785555303
178400,0.06558661162853241,0.0024068935308605433
178500,0.05968732014298439,0.0021833261707797647
178600,0.06375136226415634,0.0023159264819696546
178700,0.060322221368551254,0.0021678853663615882
178800,0.07132428139448166,0.0028615222545340657
178900,0.0607585534453392,0.002124282473232597
179000,0.06335113942623138,0.0023324853973463178
179100,0.06896975636482239,0.002604641835205257
179200,0.06161518022418022,0.002156214788556099
179300,0.06568808853626251,0.002419998752884567
179400,0.06744061410427094,0.00254924752516672
179500,0.06766095757484436,0.0025504743680357933
179600,0.06449643522500992,0.0022820725571364164
179700,0.06808079779148102,0.0026048822910524905
179800,0.06723303347826004,0.0025525825330987573
179900,0.06519715487957001,0.0023680985323153436
180000,0.06487764418125153,0.002380651712883264
180100,0.06685592234134674,0.002668323111720383
180200,0.07072819769382477,0.0029735794523730874
180300,0.0680060088634491,0.002709238207899034
180400,0.06749052554368973,0.0025775505928322673
180500,0.06437224894762039,0.0023742548655718565
180600,0.06455592811107635,0.0023445956176146865
180700,0.06447660177946091,0.002451178675983101
180800,0.06465757638216019,0.002439165604300797
180900,0.06952766329050064,0.0030524972826242447
181000,0.06337890774011612,0.0025506868259981275
181100,0.06538702547550201,0.0026615654351189733
181200,0.06269631534814835,0.002320180821698159
181300,0.0622708760201931,0.0022835686104372144
181400,0.06162929907441139,0.002213715575635433
181500,0.06690111011266708,0.0026201492873951793
181600,0.06996011734008789,0.0027620793553069234
181700,0.06413545459508896,0.0024556939606554806
181800,0.06869087368249893,0.0028288537869229913
181900,0.07207655161619186,0.003022498916834593
182000,0.06848418712615967,0.002647841058205813
182100,0.06481388956308365,0.0025546912802383304
182200,0.06663510203361511,0.002508599136490375
182300,0.06513846665620804,0.0024671625578776
182400,0.06454866379499435,0.0024872179492376745
182500,0.06744057685136795,0.002646127832122147
182600,0.0703422948718071,0.002667766879312694
182700,0.07137077301740646,0.002907444490119815
182800,0.06735310703516006,0.0025741661665961146
182900,0.06597208231687546,0.002517793735023588
183000,0.06913883239030838,0.002700686745811254
183100,0.07017502933740616,0.00283011922147125
183200,0.06987219303846359,0.0027568626683205366
183300,0.06591810286045074,0.002596113830804825
183400,0.0687728226184845,0.0026702709728851914
183500,0.06385049223899841,0.0023561372654512525
183600,0.06595814973115921,0.002601326967123896
183700,0.06562097370624542,0.0027132878894917667
183800,0.0641951635479927,0.0026339496253058314
183900,0.062075693160295486,0.0026375402230769396
184000,0.06340838968753815,0.0024073317763395607
184100,0.06257118284702301,0.0024854112416505814
184200,0.06765390932559967,0.0026444299146533012
184300,0.06132972240447998,0.002312265569344163
184400,0.0635487362742424,0.0025251839542761445
184500,0.062128860503435135,0.0023607006878592074
184600,0.0662185475230217,0.0026226609479635954
184700,0.06715463101863861,0.002723287499975413
184800,0.06739536672830582,0.0027740392833948135
184900,0.06697878986597061,0.0027992812101729214
185000,0.0642416775226593,0.0025545214884914458
185100,0.06376372277736664,0.002509926736820489
185200,0.06449467688798904,0.002874289290048182
185300,0.06383689492940903,0.0025919873733073473
185400,0.06491930037736893,0.0026401731884106994
185500,0.06646434217691422,0.002764362550806254
185600,0.06865894049406052,0.002805027412250638
185700,0.06637652218341827,0.0027003855793736875
185800,0.06571713835000992,0.0026886421255767345
185900,0.06644954532384872,0.0027414080686867237
186000,0.06779026240110397,0.00275791110470891
186100,0.06337004154920578,0.0025156884803436697
186200,0.06815377622842789,0.002823715447448194
186300,0.06379972398281097,0.0025332873919978738
186400,0.06384838372468948,0.002538490865845233
186500,0.06604883074760437,0.002566107432357967
186600,0.06739013642072678,0.002767985104583204
186700,0.06776433438062668,0.002765864599496126
186800,0.06455207616090775,0.0025744681479409337
186900,0.0665723904967308,0.002731388551183045
187000,0.0643446147441864,0.002674928866326809
187100,0.06593823432922363,0.002609635819680989
187200,0.06422808766365051,0.002641006198246032
187300,0.0620296373963356,0.002373896655626595
187400,0.06551367789506912,0.002668667759280652
187500,0.06419255584478378,0.002478420501574874
187600,0.06550274044275284,0.002549885888583958
187700,0.06349534541368484,0.002388354856520891
187800,0.06862014532089233,0.002877419930882752
187900,0.06539156287908554,0.002573346602730453
188000,0.06588498502969742,0.0026491390890441835
188100,0.06530819088220596,0.0024583126651123166
188200,0.06554118543863297,0.002553103258833289
188300,0.06547695398330688,0.002449999563395977
188400,0.06985148787498474,0.002695519127883017
188500,0.06917734444141388,0.0027960423612967134
188600,0.06535347551107407,0.002460089046508074
188700,0.062093332409858704,0.0022928283433429897
188800,0.068079374730587,0.0026860113721340895
188900,0.06627032905817032,0.0025748921325430274
189000,0.06124386936426163,0.002450772328302264
189100,0.06876708567142487,0.002811634331010282
189200,0.061804354190826416,0.0024308948777616024
189300,0.06525082886219025,0.0025516714667901397
189400,0.06639976054430008,0.0027252001455053687
189500,0.060823749750852585,0.0023870515287853777
189600,0.06602543592453003,0.002793627791106701
189700,0.06491246074438095,0.0025154605973511934
189800,0.06539691984653473,0.0026194786187261343
189900,0.06793705374002457,0.002767019672319293
190000,0.06513810902833939,0.002570949785877019
190100,0.06635071337223053,0.0026123240822926164
190200,0.06640290468931198,0.0028063253266736865
190300,0.06857045739889145,0.0029446014668792486
190400,0.06618624925613403,0.002787271048873663
190500,0.06525743752717972,0.0028856099816039205
190600,0.06925448775291443,0.002994767972268164
190700,0.07263936847448349,0.003281127428635955
190800,0.06950594484806061,0.0031239506788551807
190900,0.06537581235170364,0.002732385415583849
191000,0.06565278768539429,0.00269849831238389
191100,0.06474685668945312,0.0026583749568089843
191200,0.067289799451828,0.002702255151234567
191300,0.06864076852798462,0.0027254627784714103
191400,0.0657428503036499,0.002524801646359265
191500,0.06330807507038116,0.0023803520016372204
191600,0.06729841977357864,0.0027566313510760665
191700,0.06602314114570618,0.0026979048270732164
191800,0.06312377750873566,0.0024787099100649357
191900,0.06537231802940369,0.002555683138780296
192000,0.06762798130512238,0.002713418914936483
192100,0.06830137223005295,0.0027134009869769216
192200,0.06883689016103745,0.0029849561396986246
192300,0.0685054138302803,0.002919686841778457
192400,0.0654815286397934,0.002789636724628508
192500,0.06749773025512695,0.002939780824817717
192600,0.06396489590406418,0.002821236616000533
192700,0.06654343754053116,0.002867788076400757
192800,0.06524410098791122,0.002712424611672759
192900,0.06698121130466461,0.0028659706003963947
193000,0.06658255308866501,0.0028370869113132358
193100,0.07276766002178192,0.003382819122634828
193200,0.07333600521087646,0.0033352180616930127
193300,0.06813713908195496,0.0028411928797140718
193400,0.06880638003349304,0.00293853844050318
193500,0.0641382560133934,0.002659000805579126
193600,0.0677337720990181,0.0028120273491367698
193700,0.06718389689922333,0.0027430487098172307
193800,0.06391386687755585,0.0027920613065361977
193900,0.066651850938797,0.0028360181022435427
194000,0.07055060565471649,0.0032045693369582295
194100,0.06712569296360016,0.003143782843835652
194200,0.07279068231582642,0.0034240110544487834
194300,0.06634117662906647,0.0027329158037900925
194400,0.06520404666662216,0.0028469794779084623
194500,0.06744068115949631,0.0029928922886028886
194600,0.07080286741256714,0.0031833656830713153
194700,0.06537304073572159,0.002838444779627025
194800,0.06911946833133698,0.0030138709116727114
194900,0.06682565808296204,0.0028333961963653564
195000,0.06685182452201843,0.002792005776427686
195100,0.06625984609127045,0.0027216592570766807
195200,0.06667045503854752,0.0028988459380343556
195300,0.0649169385433197,0.002687803702428937
195400,0.0666072741150856,0.002885040012188256
195500,0.0632312223315239,0.0026471848832443357
195600,0.06379973143339157,0.002452546381391585
195700,0.0617174357175827,0.0024279364151880145
195800,0.0689178854227066,0.0028088685357943177
195900,0.07038179785013199,0.0030448914039880037
196000,0.06381765753030777,0.0026966059813275933
196100,0.06677622348070145,0.002883688430301845
196200,0.06796833872795105,0.002930247108452022
196300,0.06868520379066467,0.0029157212702557445
196400,0.06976642459630966,0.0029190480709075928
196500,0.06546273827552795,0.002628316869959235
196600,0.06764569878578186,0.0027437295066192746
196700,0.06407777220010757,0.002417809097096324
196800,0.06640052050352097,0.0026434772298671305
196900,0.06342189759016037,0.0027280088397674263
197000,0.06570164114236832,0.002647121378686279
197100,0.0680745542049408,0.002909262548200786
197200,0.0649074912071228,0.002645316068083048
197300,0.0682900995016098,0.002877179183997214
197400,0.06425663083791733,0.002636269317008555
197500,0.06252504140138626,0.002393231727182865
197600,0.06481503695249557,0.0026375449961051345
197700,0.06525777280330658,0.0026952048647217453
197800,0.06375802308320999,0.0026728385128080845
197900,0.06771375238895416,0.002906703040935099
198000,0.06944134086370468,0.003122069058008492
198100,0.0675680860877037,0.002862308290787041
198200,0.06412488222122192,0.0027387350564822555
198300,0.06458621472120285,0.002785110496915877
198400,0.0680001899600029,0.002924592699855566
198500,0.06698253005743027,0.002778226276859641
198600,0.06505411863327026,0.0026436246698722243
198700,0.06405435502529144,0.002616476733237505
198800,0.056898102164268494,0.002257940941490233
198900,0.06805314123630524,0.0028951853746548295
199000,0.06624621897935867,0.0026463555404916406
199100,0.06912940740585327,0.002873642137274146
199200,0.06541609019041061,0.002642289735376835
199300,0.062073953449726105,0.0023927200818434358
199400,0.0637846365571022,0.0025342792505398393
199500,0.06529269367456436,0.0025835774140432477
199600,0.06649766117334366,0.0027276083128526807
199700,0.06429004669189453,0.002613950287923217
199800,0.06426987797021866,0.0026048244908452034
199900,0.05932661145925522,0.0023161147255450487
200000,0.06328677386045456,0.002475914196111262
